uid,分类category,打分score,多个物体,奇怪的物体,场景或建筑群,人物或卡通角色,透明或半透明,面疏密度edge
a9bf9b4ad747473b85f2d5abdafc97e9,0,2,0,0,1,0,0,2
acd936e224054902b05f7c67edd61583,7,0,0,1,0,0,0,2
b1e0ed34edaa4ae9a469b32d99924fe0,6,1,0,0,0,1,0,2
ba092e620bdd41a28c23ec789488ff38,0,2,0,0,0,0,0,2
bc5c87e9803746cdb2af2fa14acdb025,7,0,1,0,0,0,0,1
be2c981147434888872dd051182c87fe,0,2,0,0,1,0,0,2
bf8e31cb1deb4eb1b47f48781854e069,1,2,1,0,0,0,0,2
c52d129195214bb1b83e2779195c15e3,4,2,0,0,0,1,0,2
c5530ac7fa2b4d8f88a87a8227a9699b,6,1,0,0,0,1,0,2
cf29717621f840209c20da89aaad826f,6,0,0,0,0,0,0,0
d00df7944a7046f4ac923cf2a02c11af,0,0,0,0,0,0,0,2
d85a11cab9ad4ac5bdc2aad2014e45b7,6,1,0,0,0,1,0,1
d8cf1693c40141bca01d3e1933c6bd41,0,3,0,0,1,0,0,2
e28b223c88b14c27b39330e238b613d1,0,2,0,0,0,0,0,2
e810f5d749594d52adbcf54291379f9d,6,0,0,0,0,0,0,1
f0550cd6283141d0a4b34485e40e9adc,0,2,0,0,0,1,0,2
f2300364c465464fad19f3690206c653,0,0,0,0,0,0,0,1
f43fa6e331bf4c2494e046d5da7684a9,0,0,0,0,0,0,0,2
f66d8648898e4936816644df49b72a0e,1,3,1,0,0,0,0,1
06d1e38d435740ba8ce1b252fd28d414,1,3,0,0,0,0,0,2
108e843ee7bd4564ab29b98985705e0a,6,0,1,0,0,0,0,0
1483d0102d7040ddbad0f0b93b809058,1,2,0,0,0,0,0,0
14def44563fd45679600f09a2ef13d20,4,2,0,0,0,1,1,0
217e51a52db6473fa0a80011e0caee8d,2,2,1,0,1,0,0,0
285045e27e674467bafcc079ccb8a671,6,1,1,0,0,0,0,0
28ceef2b115f40f1bfdc82bd11dd6b74,0,0,0,0,0,0,0,2
2a60942911794a93ae87ea0fddedd73b,1,2,1,0,0,0,0,1
3e4dd36b68ed45709ce49b9c6ac66e80,6,0,0,0,0,0,0,0
48342be2e65c4db8b2326cd35f404cea,1,3,1,0,1,0,0,0
48a5160acb5e460991795fc134b47208,0,0,0,1,0,0,0,2
48b868046f8c4ae0886eea2a0ceab140,1,2,0,0,0,0,0,0
4e0bb0caa06041248afc510b700911c5,4,2,1,0,0,0,0,1
50125a013ace4935b437ab5a55896eaf,4,3,1,0,1,0,0,0
505a06096aae4f03abe2d77270ee4125,1,2,1,0,0,0,0,1
54f5c0e2b0f641d6a376f4bff3aa6859,6,1,0,0,1,0,0,0
5c4415d7cd2446b9bf4ce0a3bcc6a2b3,2,2,0,0,1,0,0,0
5e4ad7de2b5f4b6fb064af1337186a38,2,3,1,0,1,0,1,0
62db725ae8de4032840fc98242973671,7,1,0,0,0,0,0,0
6a455b47b3a741faa85a0b557591c8cb,6,1,1,1,0,0,0,2
6c91cbb81fca47c2962073251b01ccc4,5,3,0,0,1,0,0,0
6cab8b27267546db992d52a0f68c81e9,7,0,0,1,0,0,0,1
71db6ddf3cfc44d7a624743d885e6600,0,2,0,0,0,0,0,2
75690d22bb2541daa4f04030f696372f,0,2,0,0,1,0,0,2
77bd8d4e0cbd402499da0deaef925a6b,1,2,1,0,1,0,1,0
78134acf5ee448fc84d9ba53368862f5,7,0,0,1,0,0,0,1
7b684f44d5dd4c6d944ddd453a491f7a,2,3,1,0,1,0,1,0
7e83c5097ffa4fc1ad53ea402e9e81e1,4,3,0,0,0,1,0,2
85736dfb598d4cbc9e1bdd7e7f8f5675,7,1,1,0,1,0,1,0
8bc401aeeb5f43e78e5bbe0d6435635a,2,2,1,0,1,0,1,2
8cda6b153a5942b1a85172927fe8596d,1,3,0,0,0,0,0,0
8e10d5deacbd44b59be0bc5115a56f91,1,2,1,0,1,0,0,0
8ec0df8a39d141988c65f8f9763639df,1,3,0,0,0,0,0,0
8ee0a4cc5144462fa5be38630076840c,3,3,0,0,0,0,1,0
940fd7aebc22492baaff200df1090c4b,1,3,0,0,1,0,0,0
a00a4ba056a44cee842bcd6f346611bb,1,2,0,0,0,0,0,0
a27a04c0a4e64be0a4d0569b5a575aff,6,1,0,0,0,0,0,1
a50c297ca56d4cd88d45d5f9d13557cd,6,1,1,0,0,0,0,0
add6418ee2f44a438597e9a462620e2a,1,3,0,0,0,0,0,0
b32309ff28d1459cbd0cd175fdd80b1e,2,2,0,0,1,0,1,0
b69327454bd44cfea43b377b6aceb79e,0,2,0,0,1,0,0,0
b7084515c765458e984c53f2f407a06b,6,1,0,0,0,1,0,2
b7fa8b277dd84508b88420406d5f19e6,2,2,0,0,1,0,0,0
b81b7229a0b8458c8b7a8ad93787fb64,1,2,0,0,0,0,1,2
b88d104187ac45b286a3bef672ca267c,1,2,0,0,0,0,1,0
ba094b1872964f8d915cf95eff3604e1,1,3,0,0,0,0,0,0
c11441ef138d4cd7bb4d20d94dda17db,6,0,0,0,0,0,0,1
c5cbe1c2e2394e98988b249057810a85,6,1,0,0,0,0,0,2
c6cb4425e96346ab8814b7f9d995af64,6,1,0,0,0,0,0,0
c7ba654ab30141e9af5474d3777794d1,0,3,0,0,1,0,0,2
c876fcf8734b4d3f8e5da6ae2512ca4d,1,3,0,0,0,0,0,0
cc47e6e007b641499f1b6b4f86297985,0,0,0,1,0,0,0,2
cfc22da68c1240ff990185914628727d,1,2,0,0,0,0,0,1
e17bf317c0a449af9f0dbdb803e07488,1,3,0,0,0,0,0,0
e4fddec0f0ad40dda78996c69c15a13e,1,2,0,0,1,0,1,0
e57096564d9c411dabb3184bb3fef325,1,3,1,0,1,0,0,0
e83eed2c6e884665b8f692c9e7270fe2,5,3,0,0,0,0,0,2
e8ca96276d4446c984fcd05262bc693e,3,3,0,0,0,1,0,0
ec156d5983c141b19cc566b0b5d650a6,1,2,0,0,0,0,0,0
ee78ec6bb2f5402cb3063a4dd3c247fe,1,3,1,0,0,0,0,0
ef0253ad994a4f808c42fccafed066e8,1,3,0,0,0,0,1,0
f7951112e53346f0af13e0183034c4f7,2,2,0,0,1,0,1,0
fc1798a27a7346159c2ed08c63092728,0,3,0,0,0,0,0,0
fd82915bcc6144f1945a564453529030,6,0,0,1,0,0,0,0
ff116bc2c2544194b5e5ce7f2b3a7bb2,6,1,0,0,0,1,0,2
046a97a6629c4720bd36b2684c18e162,0,2,0,0,0,0,0,0
04a6234de97d4f3a928038afa629ede2,4,3,1,0,0,1,0,1
055b2c5b42f645a09147cd4de6f73301,0,3,0,0,0,0,0,2
177caf1aab1e4c2fbdf69c9abce5ce23,4,3,1,0,0,0,0,0
18bc2ee75860452d9a80201498c612a0,1,3,1,0,0,0,0,1
1b691aa762ed495c80193cec451e9237,3,3,1,0,0,1,0,1
23fe0541c3db4770aeeaa06718ea6545,0,2,0,0,1,0,0,1
263e01c4624f42e09233a6a27fdfbf80,1,3,0,0,0,0,0,2
28d19fa3b4a841f68ca20a54c1f13699,6,1,0,0,0,0,0,1
2b5f16d23c874c018d34a48447e39b6a,0,2,0,0,1,0,0,2
308aea61ac65420887b010a668fb4a0c,1,3,0,0,0,0,0,0
3521a198e6954483bb3af72f197390e3,2,3,1,0,1,0,1,0
356b79dbf15a4e7ab98e5d4a6c6cf314,3,3,0,0,0,1,0,1
3b3e2a9b7bc14a15938055f6d3480207,0,2,0,0,0,0,0,2
41283b1157a54175802daca5c974c72b,7,2,1,0,1,0,0,0
42793f318ef04c1aacd4fc623e7ef6f8,1,3,0,0,0,0,0,0
47c0d2fbf4534ca692a31a1092ae7c4d,2,3,0,0,1,0,1,0
4a5b81d22de245fdbdc0f61e34070531,5,3,0,0,0,0,0,1
4e25b330b5e14cf68eaa67c7616ba868,4,2,0,0,0,1,0,1
4e81d22e81144809bc9aa195f46f9b7d,2,2,0,0,0,0,1,0
525499e07e9c4400bd165ce35e897ab9,1,3,0,0,0,0,0,0
547b2973c99d48a492a7eb3ea0075fec,0,3,0,0,0,1,0,2
5492525632294b1d9d5e16f14d7a8009,1,3,0,0,0,0,1,0
570d5be2055f4c1cac218398946f3f43,2,2,0,0,1,0,0,0
5a10cf54c28b46aca9ac02e6ba23268e,0,1,0,0,0,0,0,2
5b85a1be1cd843b78457234d96f23391,0,1,0,0,0,0,0,2
5cb3f923e112407bbe7c261bbfb062b7,1,3,0,0,0,0,0,0
6c6e70a71a114e20b5d7ebdf81bbaecf,1,3,1,0,0,0,0,0
6e2a5fd919f84f50a78e5cb7804630a7,2,2,0,0,1,0,1,0
74a1b4fd48d240fab57ce8356b7e5fb1,5,3,0,0,0,0,0,0
7583e7ae217a4ba1ad8b408cdcdb2f06,0,2,1,0,0,0,0,2
7b6de3698ae14ffab5a56ad06f0a74f7,6,0,0,1,0,0,0,0
7fdb443650034a3eb1999d5103f02f9f,2,2,0,0,0,1,0,0
8300354133aa443690b6583b80ac4a91,6,1,0,0,0,0,0,0
8cbeda8579cc415f8be08d584965c6b5,1,2,0,0,1,0,0,0
8d3dcd2ac8974d548a3dd70bb22b82d6,1,3,0,0,0,0,0,1
903a7c076e7c4751b9579ef5bfc3c727,2,2,0,0,0,1,0,0
90ed8964dbc44b67a3bb887f6bd48ba7,6,0,0,0,0,0,0,0
943aa0ef04d84efeaf429522774a9f2b,6,2,0,0,0,0,0,2
9518cdb668594e318e407cf55653e3b3,0,2,0,1,0,0,0,0
9fbc30ba31a546fe9370e6de2dcc0707,1,3,1,0,0,0,0,0
9fea9f1b71b444fa93ca7f4aacff547d,7,2,0,1,0,0,0,0
a097b4db122c4d05a1479ebccbad5335,0,2,0,0,0,0,0,2
aa3c1e2e403f4b89b63874067fc801a3,6,1,1,0,0,0,0,2
b0e2783dd5c54c4fac248609bec2a62d,2,2,0,0,1,0,1,0
bcd027ec8faf4aa791dcf989e9cb318d,0,2,0,0,1,0,0,2
bd849c7cd4d349e396d2d971b78cbcb9,1,3,0,0,0,1,0,1
beb1f386794841bd9b01907e787c5ba9,4,3,0,0,1,0,0,0
c8b9ce3fa7cd493cb2600026b887e792,1,3,0,0,0,0,0,2
ceda91b2de724848bfd780ef94e73ffe,1,3,1,0,0,0,0,0
cee27e93b6294be7b3392ac63b0d99d9,6,1,1,0,0,0,0,0
d018e9ed85fb4678b3e9ba3d1354738f,1,3,0,0,0,0,0,0
d4a1ba2da53b4634b799d29ef1697170,0,2,0,0,1,0,0,2
d777e65f3adb4a7fa1dba5f455847953,7,0,0,1,1,0,0,0
df993b528f7a4cd5b92f9a6f09c7a23f,0,2,1,0,1,0,0,2
e6e8900e451f4294b46534aec4e67818,2,2,0,0,1,0,1,0
e6e98f62f6804a5590c7becd558f828f,2,3,1,0,1,0,1,0
e7fce224db244a1590bb13bc957acf9e,1,2,0,0,0,0,0,1
e898e52cb32449f299f7754e86b49d8e,2,2,0,0,1,0,1,0
ea327fb72c8e4cbc83f96873e8526f4e,7,0,0,1,0,0,0,1
eab289ed24e84af782017a8252cb2c84,2,2,0,0,1,0,1,0
eb70c9e7edac4f52ab4bc9ac036b65de,6,0,0,0,0,0,0,0
f09c3b19820b4c158fd57a942f0dac38,2,2,0,0,1,0,0,1
f0f987081fd443d89fa76664c5136cf4,6,0,0,0,0,0,0,0
f4a6555c764e4fd4b65453c51c2136fe,6,1,0,0,0,0,0,2
f6373f8a329d4a75b10b03693517f50d,1,3,1,0,1,0,0,2
f77e41ee56b04bfd960b161131837bac,1,1,0,0,0,0,0,1
01eff3bd340546ae9e90d3d9ece732e3,0,2,0,0,0,0,0,2
03f647877849464a8deda7243afce5d0,2,3,0,0,0,0,0,0
0f5862e9a5e5430d9c6f13fcd0a38eeb,4,2,0,0,0,1,0,2
15cc78c2a35b467aa71fb7f847092db6,0,2,0,0,1,0,0,2
18c1d2e572d74185babbfcc8b2e19418,1,3,0,0,1,0,0,0
1b360af373804c29bf3822d940117f16,2,2,0,0,0,0,0,0
2a5207d187d34c3287cf900a7285d924,1,3,0,0,0,1,0,1
2db0d0976b8e423c99f4ae5dd17d4e39,6,0,0,1,0,0,0,2
2e9a4873488540e5bc270e6a81363c11,7,2,0,0,0,0,0,0
307cd4ab49da422e8a7ae921fc8a9a9d,6,1,0,0,0,1,0,0
3107e9ace8ee4d688a8386e89cdae1b8,7,2,0,0,0,0,0,0
38185fa8b87e4e9491fc8deb6468722f,6,1,0,0,0,0,0,0
3895f119bd5e405a84e5423040fcc86c,2,2,0,0,1,0,1,1
39d37507bfb44a34af41b1ff2a915eb5,6,1,0,0,0,0,0,1
3f20171b376748b8a5d4f324a669ce52,2,2,0,0,1,0,0,0
402e756a10d94cae960f193acf7512bc,2,2,0,0,1,0,1,0
40e8fc657c054e47a7651cb3d7505374,1,3,0,0,0,1,0,0
44da6e1dead545cb9ecd18dd72012ced,0,2,0,0,0,0,0,2
44e0ff297e284d47b258c5afb41565b8,2,2,1,0,0,0,0,0
49545af8ea9c46889577840aeb21f490,6,1,0,0,0,0,0,0
4e45744767f54df09f3ba986385539ed,7,2,0,0,0,0,0,0
55e562f7779847cdbe865831d6105a3b,0,3,1,0,1,0,0,2
58448c1f29594cb38ebfffaf7f546871,2,2,0,0,1,0,1,0
608c4722fb814f4d8d197eb1857bb07d,1,2,0,0,0,1,0,2
60b5fae8d55e48f5bc3a554652d5d9ad,1,3,0,0,0,0,0,0
6dac96605bc448bca5cae7e66a5344dc,6,0,0,0,0,0,0,0
6ed785173b154b6f813de471e3c19a71,1,3,0,0,0,1,0,2
75c79336f7894a42b7cc3d83f35ae1dc,1,2,1,0,0,0,0,2
8118178c7eac4cf2a8c625393ace4e61,6,1,0,0,0,0,0,0
8512fdd50ddd4504b71239989bdfdaf7,2,2,1,0,0,0,0,0
8587b464b2034485886cd094c7adf14c,6,1,0,0,0,0,0,0
89005da8ae864f48bd632bd9d347bded,1,3,0,0,0,0,0,0
92b217100c2d4c6ebcf0b04c0177c53a,2,2,0,0,0,0,0,0
9ae19ce26d934c29bc31473a7c34512b,2,2,0,0,1,0,1,0
a2c0c230581e4924a4728604749aa903,2,2,1,0,1,0,0,0
ab7923b0faa346998b499e2625d4c547,1,3,1,0,0,0,0,0
aff33572044b4bb6985ec802f6a53055,1,2,0,0,0,0,0,0
b3eade56bc3a44089097ab99be85af8a,2,2,0,0,1,0,1,0
b6f4551ffd3d4cab922234d10f69585a,7,0,1,0,0,0,0,0
bd1d006e24bf4eb991f101feef4e40e2,5,2,1,0,0,0,0,1
c128a835daf544a2821c0ec84e559f69,6,0,0,0,0,0,0,2
c14be560d7184a04bd76e39e7ed475ed,6,1,1,0,0,0,0,0
c6797c3e7cd64372b18934b140bc6b8f,6,0,0,1,0,0,0,1
c6e88acb610145b2b9fa5c2774ffc3d2,1,3,1,0,0,0,0,1
cf9800a11bcf41a1a5ee788b45811812,2,2,0,0,1,0,1,0
d6c9199e0257436faa693a927f3ccec0,0,2,0,0,0,1,0,2
e2a978111ba343f492ef41e03e88787b,2,2,0,0,1,0,0,0
e3f3bfe81b4c44eba6853b3ab182d50d,1,2,0,0,0,1,0,0
e46b7addf62c4c55be5f294948d38b33,4,3,0,0,0,1,0,0
e931c8d2fef44aedb7345605e783d343,2,2,0,0,1,0,0,0
ed10bafab9ee4336ae31ea880679a133,7,0,0,1,0,0,0,0
eec1a57701d94d79962464ffd8376cde,2,2,0,0,1,0,1,0
f81bc302c7e04fb9bad63a9807f65074,0,2,0,0,0,0,0,2
f8911fbedfa14585ae36c63980cf0668,0,2,0,0,0,0,0,2
fa2dcdb37c064ba2806ca99cd6e68b25,6,1,0,0,1,0,0,0
fceb311cc78444a0a1222f8fd93df7a1,6,1,0,0,0,1,0,0
ff9f30e200764a1fa73a435eef60d6ad,6,1,0,0,1,0,0,0
01096930a70f4a3aaf74864e4d423d3a,4,3,0,0,0,1,0,0
032e7ce682ff43d5aa5ca4fd34eacf14,3,2,0,0,0,1,0,0
0788f8b362a6463fa08ad75273c530ea,1,2,1,0,0,0,0,0
111e24950e4740dd971484f83a249abb,0,2,0,0,1,0,0,2
127652249914410586f134c278e1c109,6,1,0,0,0,0,0,0
1520d8e21c394f9a9e70d593e3e05fd5,0,2,0,0,1,0,0,2
1eac65b8726e4142af8b514694afcba3,7,0,1,0,0,0,0,0
2054475d0f1d44bfa955ce399aeac73c,5,2,0,0,1,0,0,0
237e23f84bbe44279e055bd06068b870,2,2,1,0,1,0,1,0
27f023b65e814d1c946460fcc0cb8250,1,2,0,0,0,0,0,0
29a5c09102044542aa48a44e2391951d,1,3,0,0,0,0,0,0
307707bc3141442abda7e4117d230188,1,3,0,0,0,0,0,2
356d721ab2f24b1aa4fb4bb9acc4ac8a,0,2,0,0,1,0,0,2
35fe406b1d3b4ef8bb092ffaf6b50c53,1,3,0,0,0,0,0,2
3935bffcdd284415ad7ae94c5d1ed81a,6,1,0,0,0,0,0,1
3a741d3211fb4871bbf434617a8b6c0f,1,2,1,0,1,0,1,2
412305bc9cc943358c8979e27a24c427,0,2,0,0,1,0,0,2
424431ffc7ca442b914c7d5863b5b7d2,1,2,0,0,1,0,0,0
457925739dca46f1b59a9c80424f2a49,0,2,0,0,0,0,0,2
50a04787550248a4b17abeed9dbe9c1f,4,3,0,0,0,1,0,0
5370268604124a978b558a5044ff76d1,1,3,0,0,0,0,0,0
55b5dbd131c0418189f46b83523f46ac,2,2,0,0,1,0,0,0
5703df2e72cf4495a31c40b50a3abfe7,2,2,0,0,1,0,0,1
57198ef25c804df5a2e9fdb997fe10b6,0,2,0,0,1,0,0,2
5d3bbc2aa3174b5b8f6753989b122d82,1,3,1,0,0,0,0,0
5f6e6141edf141c7b5670b8efa24c2d0,1,2,1,0,0,0,0,1
64f4c73fad8d4394bcc751b2b96dadfe,2,2,0,0,1,0,1,0
684d5b9f6e804c96bbe382b92747a960,1,3,0,0,0,0,0,1
6cec87b2bdf948168abb059bb24659e3,2,2,0,0,1,0,1,0
712ded8b5495417a9ef8fa470eaf10fb,7,0,0,1,0,0,0,0
714b6bfeb0554046abf722cd9b0e6f56,0,2,1,0,0,0,0,1
7c91deb1088a4b869c9280dd0f20338e,7,2,0,0,0,0,0,0
8669ec843fbf414c97117f9e47405ee7,6,0,0,0,0,0,0,0
8793ce93187b47dc9cc4b2107b1c8e4c,6,1,0,0,0,0,0,1
9343594fb0e044c6b2993552ba0ad6e1,1,2,0,0,0,0,0,2
9468907c248e4eb48c2cb0f4142f1dd7,6,1,0,0,0,0,0,0
958480b4d73c47e69d6e0171d98c7252,7,0,0,0,0,0,0,0
97c9be28cc904e82b60cdd13baac3628,6,0,0,0,0,0,0,1
9a21eeeb8fd94261a41b9f3eef617289,2,2,1,0,1,0,1,0
9b127d03d30b4ad9a1219da9a5ab42c5,1,2,1,0,0,0,0,0
a765084a6afd41198cbd8921be8c66a5,1,3,0,0,0,0,0,1
ab66bc2471864c95954d11690f40f461,4,3,1,0,1,0,0,0
ac8b50f49b9e431c85ebb03a0ea6c88e,1,3,0,0,0,0,0,0
b27728436e4c4a7589e821f2451ee7c8,1,2,1,0,1,0,1,1
b38f7f8cb75d424690aaf128df2df71c,0,2,0,0,1,0,0,2
b53ee02a316d4de99c18692e465e70cd,0,2,0,0,0,1,0,2
b57ec79188d34f47adcb4ebb33a9a7dc,6,0,0,0,0,0,0,0
ba54a98ac7f84761a33b83dbc077300c,4,2,0,0,0,0,0,1
bf681d4d4db643f7b794b4c748c47c1d,6,1,0,0,0,1,0,0
c947c05177f747ffb42c03fe038e60e9,0,2,0,0,0,1,0,2
c9b865ed80924f15b5de35bc3408de5c,1,3,0,0,0,0,0,0
cd14515347b3415899fc299e8ff5e510,1,3,0,0,0,0,0,0
ce69b9f886b64c39b2c543d848ee7dfe,0,3,0,0,0,0,0,2
cfd1a14262c9452a98265ff51df738da,4,2,0,0,0,1,0,0
d161435954f44ed7b2c18915467f33cb,1,3,0,0,0,0,0,1
d1cd9c7495614e46b789b26094c3afd1,1,2,0,0,0,0,0,0
d231c32e428845f48266c756a30dad44,6,1,0,0,0,0,0,2
d3d854887ba444ad83f3557148114127,6,0,0,0,0,0,0,0
d690b56da5cd4fdc893f200e13a26882,7,0,0,0,0,0,0,0
e3137a0175804e24b59c5845664ddba2,0,2,0,0,0,0,0,2
e34eb25973b344e9a033b9a9a76d2b28,0,2,0,0,1,0,0,2
ef6044ac42be4484af8ecc6f792caeaa,1,2,0,0,0,0,1,0
f1486157be65431588d5b7dfa2056eee,6,1,0,0,0,0,0,1
f56f28755064472385fe09c0eda9c62d,6,1,0,0,0,0,0,2
f78790bdba354d8d8170bb8b4eb5d571,1,3,0,0,0,0,0,0
03884b8ba5d44c47bfe3b9a9b07a76fd,1,3,0,0,0,0,0,0
053b3b78dde74b98970a3d88c5d6f1a5,6,0,0,1,0,0,0,0
06705b55327c45ba8c078b1aa9a3acca,1,2,0,0,0,0,0,0
0cca9c4988774ffb99f278c1dac2d20c,0,2,0,0,1,0,0,2
110378ac948147cbbb1879b407c79cff,4,3,0,0,0,1,0,0
12874132350542129ce788562afb32e2,7,0,1,0,0,0,0,1
1499c302524c49dbaa765a7c1b876067,1,2,1,0,0,0,0,0
15ff56eaee0a42f49d93167449d69c0f,6,1,0,0,1,0,0,1
1a3d53a59731440a8298a9edd87188e8,2,2,0,0,1,0,0,0
1ac04d8c8dfa484a9a2d49926e2f4832,6,1,0,0,0,0,0,2
1cf385522c9349f78b53d789d73e4d10,4,2,0,0,0,0,0,0
1ea41f63684f40fc81ca7cf52884af76,1,2,0,0,0,0,0,2
22bf8eeaeeed4caeb4d0994a68868caa,1,2,0,0,0,0,0,0
22eceffca6434bdf967fe42c3f8734ea,1,2,1,0,1,0,0,0
23c2ce1c05184f1d96c995a9901381e4,0,2,0,0,0,0,0,2
23c6692ef65e4b3eb4ff88d30068becb,1,3,0,0,0,0,0,2
23ded45ea1fa464a9c0dac227bf60433,1,2,1,0,1,0,0,0
29452f7faeef47cd8c530235fc53fe02,6,1,0,0,0,0,0,0
29a2e11811824d67b335d022f04dab40,2,2,1,0,0,0,0,1
2d951bbbcb44459da5dcc3df080e625f,4,3,0,0,0,1,0,2
2f918da0c5f245668fd6bfe71222b126,7,2,0,0,0,0,0,0
325d20ddbc434fea9472f352fd507417,5,3,0,0,0,0,0,1
38b5c55ca27145ac81b6d6dbe1dfcff0,1,2,0,0,0,0,0,0
395ec8747038411684f9aebe6aa55501,1,2,0,0,0,0,0,0
3d78aa08eb4a4b188a57eae342a59ebd,1,2,0,0,0,0,0,0
432172aea1364293ac669b38c8017088,7,0,0,0,0,0,0,0
51b963d1389740129ea26d085742140d,1,3,0,0,0,0,0,0
528b1660bb4a496db2180c106a2e465d,0,2,1,0,1,0,0,2
5658eaeebba640c8b1e51435cdd6be62,2,2,1,0,1,0,1,0
5acb3c5b577048a3b086ba1cfda766e3,7,0,0,0,0,0,0,0
5b411f89474d4553ab5099430486cf88,1,2,0,0,1,0,1,0
5e41ebbc65c24f9d8a3eb82173f40e5b,7,0,0,0,0,0,0,0
5fd6a228227743d09895a4640936a47c,0,3,1,0,1,0,0,2
654d21dda8654a81b416fad43ce7d353,1,3,1,0,0,0,0,0
6614299303bb481bb79988ce4fe0812a,7,0,1,0,0,0,0,0
69e7124f5e444c10877398af4c984c7a,6,1,0,0,0,0,0,1
70cafed411c34293b00b88177a2b75d3,1,3,0,0,0,0,0,0
7240eca863a941128c4877dae7572849,2,2,1,0,0,0,0,0
771e13d7d28f4bbba5f26776e8889e71,1,2,0,0,0,0,0,2
7a15ec7b7bfb4d00ab81a882c890f74f,1,2,1,0,0,0,0,1
7ee59c147be74708b45ee48858c3089e,5,3,0,0,0,0,0,0
813de559621d49a4809dbbdf84b96870,6,1,0,0,0,1,0,0
83ad667d717142789c794504c116b9d7,7,0,1,0,0,0,0,0
84e88300227243309746c442af54b437,0,2,0,0,1,0,0,2
8626ef3ef79c43cd8b99be16256c458e,1,2,0,0,1,0,1,0
86860810a4b443278364d11d7f7c2a00,0,2,0,0,0,0,0,2
8a8c0d32ff674ddc8ba0a488c5725b0c,6,1,0,0,0,0,0,0
8cbb477395e342fbbe2e9f4a309c53d9,1,2,0,0,0,0,0,1
8e9159f320624de193242a6aeccce091,2,2,0,0,0,1,0,0
9c4ea07d84044bb4a908aeef8a4d0dfd,0,2,0,0,1,0,0,2
a0a9dc2e05d2470ebbc558fa3657ad92,6,1,0,0,0,0,0,0
a95c4d26e5cf4a4d8d56ffaeccb7b04f,0,2,0,0,1,0,0,2
aafad6e32f8a4144900d909a3d19c52e,1,2,1,0,0,0,0,0
ab85a249815b4d14b5b9a4c60efdb821,4,3,1,0,1,0,0,0
ad2d0d86d886467a961d3d0ed5cac894,1,2,0,0,1,0,1,0
afc05c6e374a4226b9d9362e53863dc7,6,1,0,0,0,0,0,0
b0cd8742777146848252ecc63d6afffc,2,2,0,0,1,0,0,0
b752fd053d7645d08156ed90ef197f34,1,2,0,0,1,0,0,2
be302a1c4fee44399d29dbfd5f528665,4,3,0,0,0,1,0,1
c5466bac4e18494c92dc385276d76675,6,1,0,0,0,0,0,0
cdf33ec945f142bbae1656e131debf88,1,2,0,0,1,0,0,0
cf23b6dd227e4706a0facbd56313d623,5,3,0,0,0,0,0,1
d352aa96be8e4092a5449dc785d56b06,6,1,0,0,0,0,0,0
e19f944dd4db4635b2f6eaac7e80c1e7,7,2,0,0,0,0,0,0
f2e06c79b4ad4f7dbe8f154446362054,4,2,1,0,0,0,0,0
fa2af08f74414c8ca2f41def01215138,1,3,0,0,0,0,0,1
ff9e878c0d7e489e9a7e712833b9ffac,1,2,0,0,0,0,0,0
026fb8d7f18b4f5b9f79df112fc69f5c,1,3,0,0,0,0,0,0
041a7f79ab8e4a7993f29bda7177dc3c,6,0,0,1,0,0,0,0
04221bb19f334df69fbdccc7c83f7de2,2,2,0,0,1,0,0,0
1245c0bee3344d08bbeb0437efa4d853,0,2,0,0,1,0,0,2
12e15434045c4153b744f814f5a13931,0,2,0,0,1,0,0,2
1348912cc1bb468582b060211149072e,2,2,1,0,1,0,0,0
138d97e0b17b4b32817850d07a7fcb00,1,2,0,0,0,0,0,0
1665e447655049beb4d0088a1eb05b1f,7,1,0,0,0,0,0,0
172c40f56c2e4852bd87d531e9882de7,6,1,0,0,0,0,0,0
17ef58c26dab407ab032e0014df53d7e,7,0,1,0,0,0,0,0
195fa8d187954e6c9f32b4df1447d08a,0,3,0,0,0,0,0,2
1acfa04711384e51816c94dd4c0940f5,1,3,0,0,0,0,0,2
1e246f7bd553431f9319f32941587ae7,6,1,0,0,0,0,0,0
1ead32de84da4baa8493477e8ecc46f3,7,0,0,0,0,0,0,0
1f70d488222b407fb71888d3e0c6073e,6,1,0,0,0,0,0,0
2711afa3a61b4335b2e0c2d291187961,1,2,1,0,0,0,0,1
278e742ee2ae4c0abe3f76ed0b2f47b3,2,2,0,0,1,0,0,0
2cdabe54da0d4a6cafed543b5ab04bf7,1,2,1,0,0,0,0,0
39606697448049168263ceeec1e084f4,7,2,1,0,0,0,0,0
3cc3b755813446a5adbd8c9faa37f30d,1,3,0,0,0,0,0,0
43dbd7f5bfc04cfdab6324a1ba8b9b55,1,3,0,0,0,0,0,0
453ea3fe76b8495b9a9ceddd707a3ed9,1,3,1,0,0,0,0,1
45d197dd63ca455b8f17d09f09971af8,2,2,0,0,1,0,1,0
4ac7a481d38f4dc08f67889abc461f6c,1,2,0,0,0,0,0,0
4cb2d7bc375a47df9633ed81c6ed93de,1,3,1,0,1,0,1,0
507fb690ff594b93b6a1137f829b7553,1,3,0,0,0,0,0,0
5edb79712fd94f0ea2d162fd8de5a360,1,3,0,0,0,0,0,0
6301984c19194d42b6ad9c30b479bc2e,1,2,0,0,1,0,0,0
66a4a249c29c460a92cf11e50faf9d93,6,1,0,0,0,0,0,0
6ba27a7f3460472d9c2356a0582d50c9,1,2,0,0,0,0,0,0
6e2ab7a1efa1437bb0bfe32db72672cc,2,2,0,0,0,0,0,0
76319a67ecc64fe5b5734fd7b0e4bc3f,1,3,0,0,0,0,0,2
770e8377c0304e0eb8abec1d9145c02d,7,2,0,0,0,0,0,0
775a4aeeba704fe5a2b69a56c97ec3e5,1,2,0,0,0,0,0,0
77a628c210384f9d9e6fad667fbbe7b2,0,2,0,0,1,0,0,2
793902be279e4eea9771c384589052c0,6,1,0,0,0,0,0,2
7a9077566b954d00b5dde842ba5d5631,1,3,1,0,0,0,0,1
80e55c477d07473f80bc6607c9d1da25,6,1,1,0,0,0,0,0
861f9a47aad9402ea3d13ecf6e494994,1,2,0,0,1,0,1,0
878708fca6fb4f51b1200a44afeafec6,1,3,0,0,0,0,0,0
8815b3a029db4e3ba69a3709946af456,1,2,1,0,0,0,0,0
8933d59bcceb44a29a41ccca1f99b4b7,4,2,0,0,0,1,0,2
8cf2ce8bd4434f5a8a0ab8bab6040db4,2,2,0,0,0,1,0,0
9b0d65927fff45688a8c9a4a6a435b09,1,3,0,0,0,0,0,0
a27b1e6d48d84f0190ee5e1a8cd0b929,0,2,0,0,1,0,0,2
a6d96bfcfa0c4c06827ec0d6e45327db,0,3,0,0,0,1,0,2
a8f82e700c364678a05558f902a8b247,1,3,1,0,0,0,0,0
aabfa53becb24c1fb38e33b1ec5d9c12,2,2,1,0,1,0,0,0
ad440752ab5e42a589a5e1d234055566,7,1,0,0,0,1,0,1
b1d45888e884434d994a1b3db03eba6b,1,2,0,0,0,0,0,0
b2e427074c894a5197bbc02666d685fd,1,3,0,0,0,0,0,0
c0cb2797af504b199b80adf489313391,6,1,1,0,0,0,0,2
cee95f0ed0e34708892f92b451d18fba,1,3,0,0,0,0,0,0
df172c11c45349388358a3f67c4cfbb0,2,2,0,0,1,0,1,0
df7f9107d5594e259b5b26b4a2670909,1,3,0,0,0,1,0,2
ecf42e13a79a4affae6aae99b93ef6f0,1,2,0,0,1,0,0,0
efe7b67fc77748949562e51c30795dd8,1,3,0,0,0,0,0,0
f18979b6a18b41ada1f73faa645e438b,6,1,1,0,0,0,0,0
f18d788a3fe649ef94bfe4af8bc37c04,2,2,1,0,1,0,0,0
f2cd236ec54b46f3911b1c926f482d97,1,3,0,0,0,0,0,0
f39fa30a06b2478194f73fe8cc5eddce,0,2,0,0,1,0,0,2
f60f7383c174479fab9beb94818366a7,3,3,1,0,0,0,0,1
fbb34da95a044d7aa697eb29c01e2e4f,2,2,1,0,1,0,0,2
ff8038df4b294fd38fc23247ddc7e8cf,1,3,0,0,0,0,0,2
00e3ed9cea5e4c4e8c44ecabe53c04d2,0,3,0,0,1,0,0,2
0253574c1a8f432797a7fcef9546ce75,1,3,0,0,0,0,0,0
086dc47c0a234cb698afa44c3fb5b2e5,1,2,1,0,1,0,1,2
124c8eab5a5046699d29aa1d84c75137,1,3,0,0,0,0,0,0
143cdf92b408483d9c3cf2bd9c82649d,1,2,0,0,1,0,1,0
1b80beb868b546ff970508a4d48a735d,1,2,0,0,1,0,0,0
23f2ebb530a7451ebaa759c063977407,1,2,0,0,1,0,1,0
2c3ddf5631204fdeb5ba4ecb9cfdceaf,0,2,0,0,0,1,0,1
2ca29b930af545cab25d1326000117bb,0,2,0,0,1,0,0,2
2f28e09ea7c148b88afcb1843fff3cbc,0,2,0,0,1,0,0,2
3053d099f29a4d959e6c4477d9aa5583,1,3,0,0,0,0,1,0
30cee9c4a1444cc294e3b4628685760c,0,3,0,0,0,0,0,2
3242f6f09a9f474fa2f083ecc8731fbb,1,3,0,0,0,0,0,1
34051f78de984ad39bf4d38f192b6111,0,2,0,0,0,0,0,2
387c675eab79429d98ce7ff22446bbfa,6,1,0,0,0,0,0,0
39f8b01966c04974a8b17c879d9eb245,7,1,0,0,1,0,0,0
3faf1fe16dfc43bc91666d90eae421e2,6,1,0,0,0,1,0,0
45a11c299bef43c1a3dde03e64b24f2c,1,3,0,1,0,0,0,2
4c0b15c79fe14753a96f1dba459c2bbb,1,2,0,0,0,0,0,2
4e665b004eb6456d983d54cb863cdd5e,1,3,0,0,0,0,0,2
51226ea67a684a03856fbdd2dfd8189b,1,3,0,0,0,0,0,0
53b9d133701746609ba531b38faaa2eb,0,1,0,0,0,0,0,2
55fac00f74474249be9764837ab64791,0,2,0,0,1,0,0,1
5f09791eb08a4dfb95d13a6ce417c1a9,1,2,0,0,0,0,0,0
68af4bccc42c48c4919f00f60edefd67,6,1,1,0,1,0,0,2
6b9c21ad876c483d9167b88de900251c,4,2,0,0,0,0,0,0
6fa118534d1c4fd897ac07fe407a5e48,3,2,0,0,0,0,0,1
74cd7d7339e941308a692ff9aa2cb534,4,2,1,0,1,0,1,1
77c0d187bcac40aca483e8cc8a1dd712,1,3,0,0,0,0,0,0
7ac8240662dd49a480b3773c5dbd50b2,0,2,0,0,1,0,0,2
7cccbc1491fd4412a347d203e2aaab4f,1,3,0,0,0,0,0,1
7d66149bc53d44fe88a38d437734ed63,6,1,0,0,1,0,0,0
8369b7207110417787905d235682af0b,7,1,1,0,1,0,0,2
842fe75ed10b4eb0b61ef847b6056a04,0,3,0,0,0,0,0,2
849509b4509b41779e8358ffa169ab3a,0,2,1,0,1,0,0,2
859b7e2e36fc4eb389db32c59964cd5a,2,2,1,0,1,0,1,1
8f75e431884b49b2ac9bbc87059bf39f,1,3,1,0,1,0,1,2
952f4d77a5394b54b4662759f9e8b487,0,2,0,0,1,0,0,2
95c2497f5aab430e99a9c837deda3b65,1,3,1,0,1,0,1,2
989ecdf9f7ed4fc6943baac10d03e6a3,3,3,0,0,0,1,0,2
a8c19b85b53c475396a2e98f14f0da31,1,3,0,0,0,0,0,0
ac2842f7be6245c6b63cc04251a854df,1,2,0,0,1,0,1,0
ac45e601c84d4d78a19fc3cdef14214d,0,2,0,0,1,1,0,1
ae39e7e2fadf4877aed4c36c0cad4b7c,1,3,0,0,0,0,0,1
ae536ced5efe4fdeae9d6fa3fb92966a,1,3,0,0,0,0,0,0
b02f65b79c45461f958bd6f2d96ec982,6,1,0,0,0,0,0,1
bdb77fba0a594d2f9be93f9077dd5685,3,3,0,0,0,1,0,0
d5cd6ec63cd54dfe9f415a3f0fb3dcf3,1,3,0,0,0,0,1,0
d8ff28a0c4ae468f9a60a2178c48e010,1,3,0,0,0,0,0,0
d96614a09dd84484bc5cad8e91294729,1,3,0,0,0,0,0,0
d9ab98eb144c415aa8748e0ec801f6e4,6,1,0,0,0,0,0,0
db328e2488a44f849258fe7ca3befe78,0,3,0,0,0,0,0,1
ddb46ad09b2d48818f09667f879a7fdf,1,3,0,0,0,0,0,0
e08d8900591148ad9953cf5df097388d,0,2,0,0,1,0,0,2
ef63e5a865a24b45aa7fe714972c945c,6,1,0,0,0,0,0,0
f26e87592c724abd92fffa6e3615ba9e,0,2,0,0,1,0,0,2
f41878fe6c094cbf9b0380a3bf1befd9,1,3,0,0,0,0,0,0
f5f206d3d6944f4185f618e6189e30a3,0,2,1,0,0,0,0,2
f86917c2920041e898174a63d8eab81c,0,3,0,0,0,0,0,2
f8bd86b5ca134124955fc32ffd552ec2,7,1,0,0,0,0,0,0
022c296ccade4ac7bf6dbbd04dab9342,2,2,0,0,1,0,1,0
02d4cc89cf224f2382959cea5506526d,0,2,0,0,1,0,0,2
07db656c00e34c5380f77b08f1a573d0,7,1,0,0,0,0,0,1
0a1ca930481c435a87d3b05cf52756cc,1,2,0,0,0,0,0,2
0d5dc646c1884558a555eb5211a2a1ee,4,3,0,0,0,1,0,1
10743f3e8062474a86f190f7929f3886,5,3,0,0,1,0,0,1
1c892f3717ee4ceca67912e06fbd5d01,2,2,0,0,1,0,1,0
1c9c60b25c1540289acfcedcc3b106ff,1,3,0,0,1,0,1,0
1de42312d25145909465e29fbab9fef2,0,3,0,0,0,0,0,0
1ea5247fe18d4ea28cc066a6911bfe6f,1,3,0,0,0,0,0,2
231654d059c349fba7f53010b9b093d7,6,1,0,0,0,0,0,0
34f99d09df3e4b70bcc488f5b116d1ad,0,2,0,0,1,0,0,2
3d7aca39ec9f4aba98642705c0bed2bb,1,3,0,0,0,0,0,0
47f6b42adf82478aa62accbdc69ef09a,1,3,0,0,1,1,0,1
480c4ab0947746d3a47ed6fbb332be30,1,3,1,0,1,0,0,2
48b03db174b94810a4ff036fffbb9d77,1,2,0,0,0,0,0,2
48e7a9859a8449eca733f05b99170f0e,6,1,1,0,0,0,0,1
572ccd2a3571468bb01744d6c9e11606,1,3,1,0,1,0,1,1
589d724cdfbe4867a0ccfd8627c8a352,0,3,0,0,1,0,0,2
5be77f0331de4db588bc63b08438ee52,6,1,0,0,0,1,0,2
5ced446044644cac96dae79d230d0d65,3,3,0,0,0,1,0,1
5dbb1470ed9d47c88f044089a150102c,1,3,1,0,0,0,0,1
6064e4e637e64b3b9762cb57aba71906,4,2,0,0,0,0,0,0
6392c5c78f1442ada5083b4b7d19b54d,7,1,0,0,0,0,0,0
63c7fe898a9a40e9b7956dcd64ec34ef,6,1,0,0,0,0,0,2
66ec08f3ff60448fb519fb8546eff52f,6,1,0,0,0,0,0,0
6736768c86a3479aa4ac97a8b12941ae,2,2,0,0,1,0,1,0
677a4df640504cf9947a38e529f64d3b,3,3,1,0,0,1,0,2
69772e4815894a9c9bcffdef3e837843,1,2,0,0,0,0,0,0
69b1f39102b848fe95b34158ffafc4a5,7,1,0,1,0,0,1,0
6b56bdba68b9411aa4181f459407ad98,7,1,0,1,0,0,0,2
70e6632be94544c3a059a8390c834ba1,1,3,0,0,0,0,0,2
737f34741e784ef2810a9d9c7a96dc1c,4,3,0,0,0,0,0,0
7397096856d3452fa15ae074f460ad36,1,3,0,0,1,0,0,0
73cf2493f237467d941c682b0e70d66c,0,2,0,0,0,0,0,2
74b015b4ed7e415e812ffe61bb73e9cc,1,3,0,0,0,0,0,0
75d0f6c33421427a978adabd8c0bf3d3,1,2,1,0,1,0,1,2
7633f90c139b4aa69321d61c4dfc33b2,1,3,0,0,0,0,0,2
77f5c7a7a61d4a9b9a4c4f6f8b2f19df,1,3,0,0,0,0,0,0
7cb5e396abf14ef0b7595bed294178fd,0,2,0,0,1,0,0,2
8107e597ebb241f2995a043b99c90fd4,1,2,0,0,1,0,1,0
818f3aba598341fe8a4a81c535843d2e,0,3,0,0,1,0,0,2
8539b9dbd478472e87485586c9e11b0f,2,2,0,0,1,0,1,0
86ecd638c8f841f799562900b8b94a51,0,2,0,0,0,0,0,2
8992ff38d475498c82a9742605fde287,7,1,0,0,0,0,0,0
8ba0a7a247ac43b2a13bc010183ecd47,0,2,0,0,1,0,0,2
95462e3619c34182bb454bffce818b62,1,3,0,0,1,0,0,0
95f66a10503d4ce69e350a84c5bedd98,1,2,0,0,0,0,0,0
9b087673052446299e6decda222a42da,1,3,0,0,0,0,0,0
9fa97d03b76f4b499f59c29f72a36512,1,2,0,0,0,0,1,0
a36a0d3c36e64a81b2826f22393a90ae,0,2,0,0,0,1,0,2
a57dd10038a14ef8a141e0e7c3bc3e27,0,3,0,0,1,0,0,2
a8f40dc2180142c0887d251199d74077,6,1,0,0,0,0,1,1
ac937f5a58c14adaa87886857662e5a2,0,2,0,0,1,0,0,2
ae82e1fa55fd49b7bc9c1efb881259f0,1,3,0,0,0,0,0,1
b7454139eaea4f71aa5db78fb5c5765a,4,3,0,0,0,1,0,0
bd1772a0bfd045afafcf88ea621da67c,0,2,0,0,1,0,0,2
bef1a9daa9504e579c1186fc6879d774,7,0,0,1,0,0,0,2
c926e3c664fb48469bd7a95f53cb028f,0,2,0,0,1,0,0,2
d1c2f71259204841a853276f192e777b,1,2,0,0,1,0,0,0
d62019327a274fe2bd74705ca99d6535,7,1,1,0,0,0,0,0
d679dfa07c0142a688d3ce9f33e4c265,2,2,1,0,1,0,1,1
d6a111f13fb1486c9e98a88e9a10428d,1,3,0,0,0,0,0,0
d7061f158b974d9ea092220fc44a1201,6,1,0,0,0,0,0,0
d888673332af495db03c4aac4e2f088f,6,1,0,0,0,0,0,1
e18871108561406d81cac92f5b5ca04c,2,2,0,0,1,0,1,0
e30326f4d8e94efda54da168d62ed489,1,3,0,0,0,0,0,2
e80b71e694b64f1f833528b1cbf2ac23,7,1,0,1,0,0,0,1
eb4615aacd4a4453bff8a41e91c843a9,1,2,0,0,0,0,0,0
f34975cb07ed456d98f140feecc88f75,1,3,0,0,0,0,0,1
f55502d8727f49cab622ec21dd10a31b,1,3,0,0,0,0,0,0
0287a29850fd4c21bd5f4ce3a7b29639,1,3,0,0,0,0,0,0
03cb8581b70b460391a8418e2d99ed56,7,2,0,0,0,0,0,0
0416cf5fc3b340c799d1871a56449f24,4,3,0,0,1,0,0,0
08708444f40949d697340fd8f9d7cbeb,1,2,0,0,0,0,0,2
0c570ab1be714b8bbdbae8d00c85b1f7,1,2,0,0,0,0,0,0
0d8f81a8c0cf49cab68c3fd99d5199bb,1,3,0,0,0,0,0,0
0fe0e6f08a99415d93741471e8ddbd15,2,2,0,0,1,0,0,0
1030bdd77450416aa7009cb33eb26946,6,1,0,0,0,0,0,1
10495429634d429db9fab6085821fd62,6,1,0,0,0,0,0,0
1b9b40685a204d599d749e7b2af0881c,4,3,0,0,0,1,0,2
2e6aeeab1154408db506dd397f147bab,1,3,0,0,0,0,0,2
34fe68f5c9684339bc404b5d5cd7608b,1,3,0,0,0,0,0,0
353a58ec9c7948519bddd031c40224e1,0,2,0,0,1,0,0,2
385abb658a5d45e48f6e435cf357098e,0,2,0,0,1,0,0,2
3a38c6d58a324b3f81d9633b31e55ede,1,3,0,0,0,0,0,0
406b7485dc804f1fa3bd670ec5ada2c5,0,2,0,0,0,0,0,2
42840b5c292544b6bb4fb5778b52b01e,1,3,0,0,0,0,0,2
441f7aa22640408b89c0f88739fb312b,2,2,0,0,1,0,1,0
4a70bc446bc9469dbc10ad37dfc7485e,1,3,0,0,0,0,0,1
4d7fdd82a3d34dd583da3eee058a86f9,1,3,0,0,0,0,0,0
4f65ce84f5034662a144dc29d19fcd3d,1,3,0,0,0,0,1,1
51a01175e15643e78fc85136d83a9c12,1,3,0,0,0,0,0,2
54b74af909a74be9a35c77ccee6cc8bd,0,3,0,0,0,0,0,2
560ab51f70664461baf0a6a277d7688b,0,2,0,0,0,0,0,2
57c798d774004b38a1a08f62f9c76651,1,3,0,0,1,0,0,1
5845dd9fb163428e82034ada6d778729,7,1,0,0,0,1,0,0
5aa9ffc414b1498786fc893807f4700d,6,1,0,0,0,0,0,0
65ed60e8d72645ce83017d848611be32,0,3,0,0,1,1,0,2
67866ceb823c4d468f5f94b15e3cb375,6,1,0,0,1,1,0,2
71ffc8f79fab4310955a58fb1c5b6c04,1,3,0,0,0,0,0,2
7470f46e8e4b4091888e768a88336381,6,1,0,0,0,0,0,0
7480ba88b10d4c2d94f0c4d326fb7e56,4,2,0,0,0,1,0,2
7a35a4f82e34446aa6131420bb26cc64,1,3,0,0,0,0,0,1
7e795fb01fee43b1ad7c4ff04cfe262b,1,3,0,0,0,0,0,0
83e29f648f374dd6b295efa9a71c7872,7,1,1,0,0,0,0,0
849495b5aeb547988c18b6ac544a5966,3,3,0,0,0,1,0,1
85322c4562cb4db39657dc48a2bdf591,7,0,0,0,0,0,0,0
88667037ae3c4ff59f2b939fcea7834a,4,3,0,0,0,0,0,2
88cb6c5e208d439dae6fa2e236ba5da2,4,2,0,0,0,0,0,1
8b039a58747740ee9d7b80d18bc95395,0,2,0,0,1,0,0,2
8ca114bcfb0348ef8f71119646e96209,7,1,0,0,0,0,0,2
909b20c8a3ae45b4bb9405f1d721c0f9,1,3,0,0,1,0,0,2
9205c65a4aca4bb7ba5e880dcbdc3882,1,3,0,0,0,0,0,0
92fab82c59034e988d2136dea5fb8644,1,3,0,0,0,0,0,1
956396d6ffcf47a49f38731f019fb1d7,0,2,0,0,1,0,0,2
957b4712c3f446179ec873c9c7a6036d,1,3,1,0,1,0,0,0
985941c50b534406afbb0c09437c0241,0,2,0,0,1,0,0,2
a749f5fccba645dd8b2b023d51223860,1,2,0,0,1,0,0,0
b1b87bf5b2bc45cca3dec0fce16b1c7d,0,2,0,0,0,0,0,2
b1d01365d6414b599f7f2297c9494857,0,2,0,0,0,0,0,1
b43a4fc489e94359a0b5e72c89f2cff2,1,3,0,0,0,0,1,0
b700dc1b1e1f44419f90e6bf54ca8f0a,6,1,0,0,0,0,0,2
badbed2f7d794a17a66d658d270b750c,0,2,0,0,1,0,0,2
ca357911fd564adf8ab163a19708fa28,7,1,1,0,0,0,0,0
caacc73eba2248e4bff8c8302bd24f33,1,3,1,0,1,0,1,2
cc8e981634b4484cb04ee4a83fa09334,0,2,0,0,0,0,0,2
d0f68061db0d4eb0acc9460acf7eaf30,7,1,0,0,0,0,0,0
d522403e8c82491bba0f47c05bf8dd6d,1,3,0,0,0,0,0,2
d61af6d4fd0249ebb5ea19cf8f3b75da,3,3,0,0,0,1,0,1
d7963a23952140fb9306083654e2e0d5,6,1,0,0,0,0,0,0
dc8c000cf89a4885bbefca137c6b6d2a,7,1,0,0,0,0,0,0
de57e91c92ce494a925024fe31f0e3b6,0,2,0,0,1,1,0,2
e385a1629a664007bd12618b6f2480a6,3,3,0,0,0,1,0,2
ecd1d75076b641b382b670987e8a55ab,1,3,0,0,0,0,0,1
edba6260d2cf4a15bf4be7ca481b8c62,6,1,0,0,0,0,0,1
eeb031eb097f4fe78c6086e821682ed8,0,1,0,0,0,0,0,2
f24d6c23d647482aab030513e83939a8,1,3,0,0,0,0,0,0
f35b8eb1e72f42699ec34069489ac654,2,3,1,0,1,0,0,0
f3bdf660b937406e97f3fcd4d54f6195,4,2,0,0,0,0,0,1
f86b75590b2b48839a1426565c01f309,4,2,0,0,0,0,0,1
fc01e452ad734799bb7c97753b90cff5,4,3,0,0,0,1,0,1
0466aebea7c1460fb4a87fb10f0181ff,1,2,0,0,0,0,0,0
0d9f3ba52e964be9a6d75d791b33a28c,0,2,0,0,1,0,0,2
0fdb9f521c07474094add2c4d994c006,1,3,0,0,0,0,0,0
135fdf2cf0164ac7ad38f5d9e4afe237,7,1,1,0,0,0,0,0
1f0638435d3b4026b9506d6a996c615a,0,2,0,0,1,0,0,2
20571043dae94356a60e0ace22f5463f,1,2,1,0,0,0,0,0
246f072076b443ab845eb92959fb968d,1,3,0,0,0,0,0,0
25cc1c8e30b744a486e355f4740954ce,1,3,0,0,0,0,0,2
2abd57e294014a4aa5fc693c40a4d160,1,3,0,0,0,0,0,1
2ae4d0417bf94008afd360a43074291e,1,3,0,0,0,0,0,0
2af0a35fcddf4d449bad725e349dc6b2,1,3,0,0,0,0,0,0
2ca815b37c3a41e79d4be8db914eff77,0,2,0,0,1,0,0,2
2e3c41e089f64f82afbcfcd64ff3bdb8,1,3,0,0,0,0,0,2
2fa0731d218c4287b915b0d9507ffccf,6,1,0,0,0,0,0,0
3135c1ac4ce24197bebbb661b8d5a9b7,4,2,0,0,0,0,0,1
3d4cef0317034c109f11c10d4c60dcc0,1,3,1,0,1,0,0,1
4b2430886c304d0388cba77c4dcecd20,6,1,0,0,0,0,0,2
4b74cb4f343d4e51a61e36c5d162ae23,1,3,0,0,0,1,0,2
4e4a0d83c5884d6a860b65c0ea52be68,1,2,0,0,0,0,0,2
50d5c5c6f3c64b148096bbcd4bb81885,2,2,0,0,1,0,1,0
58131f24da494f55837a0b7486cde176,0,2,0,0,0,1,0,2
5c71f575e1324d08bf53197c8f2f9f5f,1,3,0,0,0,0,0,2
60aa980c93f24a2a854dbd5233de8e63,0,2,0,0,0,0,0,2
6307d6eaeb474060a59574de8eda4db8,1,3,0,0,0,0,0,0
67a68b157c7140afa7aa4ff3e9163cfe,6,1,0,0,0,0,0,2
67a699fdd2e240d6b0428948535baec7,6,1,0,0,0,0,0,0
6a7d7de42ad8497dae6e55c9310dd43a,6,1,1,0,0,0,0,0
74a96d0969554aa8862d47ae30e0dc16,6,1,0,0,0,0,0,0
7596d0ea44a543949d62217e04cd5bdb,4,2,0,0,0,1,0,0
782d90b5679c45af8e0a676359436f0e,2,2,0,0,1,0,1,0
78ca72e9ca524ab39ccf237e84d2dfe6,1,2,0,0,0,0,0,0
7d965a13d581476eb4e3ba4556bcacc2,0,2,0,0,1,0,0,2
7e1ae42a1791412098cf54b4a04bcd3a,1,2,1,0,0,0,0,0
8177d408a4c84e7da00e50e3533addb4,0,2,0,0,1,1,0,2
88cd7a3cedd9424eaf1cd95f75d52765,6,1,0,0,0,0,0,0
8ccbbe31d2e04a9fbedd003ab1b39cab,1,3,1,0,1,0,1,0
93df8b463cba4a91a3a7e91620959e1d,1,2,0,0,0,0,0,2
943f84299b6d4c8888f5f52c4a2209e6,0,3,0,0,0,0,0,2
96a58027fe0b4f95a4f812af6ee041a6,6,1,0,0,0,0,0,0
9a466e88e8b24809b1b24428aa9b8d81,5,3,0,0,0,0,0,1
a2cfd92dc789495c942560b6e0f223a6,1,3,0,0,0,0,0,0
a32562cd6e414b51a2ec7900527b2348,2,3,1,0,1,0,1,1
a7ce24fb57ed45bca77d40927d103806,6,1,0,0,0,0,0,2
a8bd9ddb2a334ba384c8823cb204e163,6,1,0,0,0,1,0,0
a8c9800887414cb99a38dfd03b1ab273,1,2,0,0,0,0,0,1
a999ff7ea26e49d699850771d55057ea,2,2,1,0,1,0,0,0
aff58304d17d449aa98550059138e7bb,0,2,0,0,0,1,0,2
b19f44fa17604274979eaf0966a4626c,1,2,1,0,0,0,1,0
b447586dab194f688a99ac3ed8bd41c8,1,2,1,0,0,0,0,0
bde4a2e1655742e49176b8c1e3b4a605,1,3,0,0,0,0,0,0
bfaa19f58aba49df92ae33ffe6755e4f,0,1,0,0,0,0,0,2
c1d6fc268020434faed143d891a6d0ac,7,1,0,0,0,0,0,0
c42b5662fcee4b2bb05cc2e354244729,2,2,0,0,1,0,1,0
d01d7fd0bb194eb4ad6015c7bde3c04d,0,3,0,0,1,0,0,2
d510115b74e84736af994e15781954de,0,2,0,0,0,1,0,2
dcf2a90be4934800b8ee316723a9ff4c,0,3,0,0,0,0,0,2
df00533b36cb49b49b51c235b1317951,2,2,0,0,1,0,0,0
e132f687bcd1432bbd43bdc18399b6e3,1,2,1,0,0,0,0,0
e4973d3391784f71936a41bfd732857e,7,0,1,0,0,0,0,0
e7bd3bd978ad46c8883a004be097e06b,6,1,0,0,0,0,0,0
e85faf99df2f47c7824c71a920705ffa,1,2,1,0,0,0,0,0
e8938f5bd7d0436985c5edf00414f811,0,2,0,0,1,0,0,2
e89d2cb3457341439c55de78803d4ced,7,0,1,0,0,0,0,0
e96e09b89ff04ac99cb39140dd036f80,1,2,0,0,1,0,0,0
ebb7bf8da6f54a8688a80e4efe4b8eca,6,1,1,0,0,0,0,0
ec734142df8842599fb8525031b16382,1,3,1,0,1,0,0,0
ed038ccfb8044acdaa781aac7e5ce7ef,1,3,0,0,0,0,0,2
f2b8fe48d9344948b5809103e40b62b1,1,3,0,0,0,0,0,0
f55bd9ee420645b892697fa724e98c07,1,3,0,0,0,0,0,0
f8a9b9c514494fbd84fa2cacf2040621,4,3,0,0,0,1,0,1
0260f702429144aea3d85cb7664e295d,1,3,0,0,0,0,0,0
0fd808476b654cd88b7c08e262001310,1,2,0,0,0,0,0,1
1292cd0e46de46a0bac5eccbc87315b1,6,1,0,0,1,0,0,0
13f212e23d7942c2815f07c9138bef80,1,3,1,0,0,0,0,2
17126339376048329e7d557673a5704d,2,2,0,0,0,0,0,0
1c429f25ab8f44b5b3a6abc6c312ca3f,1,2,0,0,1,0,0,0
1d0ea7244b9045919d22fdc14024b4e7,1,3,1,0,0,0,0,0
1d166425316544a8a8c449797c44183c,1,2,0,0,0,0,0,0
1f1c94cb8cbf480ebef94c9e2b77d380,6,1,1,0,0,0,0,0
2436fc3899ac4221a55e716c270d9ed7,1,3,1,0,1,0,1,0
2ede276f395a4060933ea581b494b2bf,1,2,1,0,1,0,0,0
2fa73ecdde1245949d4ca51b4c89aa7d,4,3,0,0,0,1,0,0
33ffb396ec4942d391c1b10fb3036dc0,1,2,1,0,1,0,0,1
3d0294a547cb46ba83e16faeba8aaa04,1,3,1,0,0,0,0,0
4552095d4cfd4dd39e214e59836c93dc,1,3,0,0,0,0,0,0
4d3ea2b070d7473bb31b4504e227e555,1,3,0,0,0,0,0,0
4dc030917c974afd8e86ac835032e731,2,3,1,0,1,0,1,0
4fc41ff5426e4295a1367be88d6ff410,2,2,1,0,1,0,0,0
5724bfac35974e6db2078823c66da00f,0,3,0,0,0,1,0,2
611669ebfec84dc28362c9c97e0c8fb9,7,2,1,0,0,0,0,0
61c64e5c177144bf89a3f4bb5214235a,1,2,0,0,1,0,0,2
6648de0dcd6646258895c048df894ee8,2,2,0,0,1,0,1,0
69bcbab9d3f04424abb4172128a693f2,4,2,0,0,0,1,0,2
6caac53026854825818366a108a2f0d6,5,3,1,0,1,0,0,0
763452595b0b4be5b961428e88b58629,0,3,0,0,0,0,0,2
78f8552cebd84959b924a8cb86b717d7,4,3,0,0,0,1,0,2
7f014be2705844c49152bfa1eb66fd86,1,3,0,0,0,0,0,0
83a0ee14ee3f4a02ba857e6bd1cdb43d,0,2,0,0,1,0,0,2
872e160f7f774df28a552793ce202725,1,2,1,0,1,0,0,0
8fef871c10764039b2f077549980d670,6,1,1,0,0,0,0,1
92852e66505e438b9494eb3df98dca0e,1,3,0,0,1,0,0,0
930ec14bc4554a94875145a1d4da7684,2,2,1,0,1,0,0,0
9559dfb66dc143039cb938dc26f67efa,0,2,0,0,1,0,0,2
961b15c0795c4346a3a038f7f79dbcf2,2,2,0,0,1,0,0,0
97f649e5c92f4ecfad99e273e73f53c0,6,0,0,0,0,0,0,0
984df04c23a84073a085bab891e2b5e3,6,1,0,0,0,0,0,2
9a7cd5721bfe4ac784bc207ed68a4a4e,1,2,0,0,1,0,0,0
9aac07b81bed42daa4addf48e0f518ca,1,3,0,0,1,0,0,0
9d6aa39c0f6243f8a0311bb5449276f5,2,2,0,0,1,0,1,0
a0d37e328b584cd2b7b69730af54aab2,1,1,0,0,0,0,0,1
a6a5a8ae06454b60bdbd33c637e21b60,1,2,0,0,1,0,0,0
b3556adfec0e4cde84dd506810505f92,1,3,0,0,0,0,0,0
b4f4abafe82149728ff7f6460c050c7b,0,2,0,0,1,0,0,2
c3a19ddbf05a4e0c8437bec6a18b2c44,1,3,1,0,1,0,0,0
c408ececd28f4f34845392b6a07241de,0,2,0,0,0,0,0,2
c90a37cc0c694ddeab1c2ccf04867edb,1,2,1,0,0,0,0,0
d1ebde67aa3d446cbeba412dff63e27b,4,2,0,0,0,1,0,1
d205b172de444290b1005a90d642bafb,1,3,0,0,0,0,0,0
d320ceb8bc5d492699cc006588d99415,2,2,0,0,1,0,0,0
d43841f7163542e48ffe6cbd02c072e9,4,2,1,0,0,1,0,0
da183ecc24ed4c44985752f902eafb77,1,2,1,0,0,0,0,0
dbae6b68396b4955b574115b2a3fe445,1,2,0,0,0,0,1,0
df7b55d63771477eb531a757e5e1b00c,0,2,0,0,0,0,0,2
e8f4719dd700461b8cc485ef2265390d,1,2,0,0,1,0,1,0
ee72d48b9fa14e5aa686b9e4d148dc2c,1,3,1,0,1,0,0,0
ef873555d1534781adaab412fa6440e1,1,3,1,0,1,0,1,0
f57158b29d664da094f57734675115bb,1,2,0,0,0,0,0,0
f7b6c52f9ac5455993a7c4ddc76711b4,1,2,0,0,0,0,0,0
f7c1b4541d6742cab6fdf919440680b4,1,2,1,0,0,0,0,2
f80bda64666c4b8aaac8f63b7b82a0a0,1,1,1,0,0,0,0,1
f889ed24862f476eb62b5a57554289a6,6,1,0,0,0,0,0,0
f9d194a270864ccca5a549978443d7f6,2,2,0,0,1,0,1,0
fd0d78ca7cd243f19ed06a9033b935ab,0,2,0,0,0,0,0,2
034de96e8a644a7091510dda362ac201,6,1,0,0,0,0,0,0
0511b8be12b940df9084309e16dcf68d,6,1,0,0,0,1,0,0
11b886ccdca6462192f793ced0d7478b,6,1,0,0,0,0,0,0
11d146c3974f420590858e2c486ec580,1,3,0,0,0,0,0,0
130a566c715d465282cbe168b6de8667,1,3,1,0,0,0,0,1
148d54559bad4a878763d1c6967ad3ee,1,3,1,0,0,0,0,0
1633c7706c8746c680c1869c63ff8fc1,1,3,0,0,0,0,0,0
16882819ed9c4727add47d620d8eb4d1,1,3,0,0,0,1,0,2
1899e31ee4284b6899c0858632676b75,6,1,0,0,1,0,0,0
1f0b0c738f4f47d08180bd7dbc1c282c,2,2,0,0,1,0,1,0
20b39bbe98e84277bdb2657370226f6f,6,1,0,0,0,0,0,1
244e3a4c7b324977b445d7547538188a,4,3,0,0,0,1,0,0
2b077558a97a4ed8bc74107e888e8135,6,1,0,0,0,0,0,1
309a3287371b40e3ae3487172b6e8d20,1,3,1,0,1,0,1,2
336c207bda9b4528b16e1dfa61007986,1,3,0,0,0,0,0,2
34ff994772814342b2819aad32732884,1,2,0,0,1,0,0,0
3a4cf68260af4386853da2d07a14c6c2,6,1,0,0,0,0,0,0
3ae963e646cc4fcea86130e89c9e1db7,0,2,0,0,1,0,0,2
3ee1a4fef3494b1b9bb22c05fce78790,0,2,0,0,1,0,0,2
3fa98b4c0d58477183b42e38f56bebe5,0,2,0,0,1,0,0,2
4cca21ce0d514667a91e0efee21c7eab,0,2,0,0,0,0,0,2
4d0adcd203d34f1d87b85878050bf74b,0,3,0,0,0,0,0,2
4d7fd4855da947dd89130a05be83f58d,1,3,0,0,0,0,0,2
570d0cc94a354024864b32971c240075,6,0,0,0,0,0,0,0
5d65e54efd6a45049382e05be58d571c,2,3,0,0,1,0,0,1
73630e639aca46599a2d5d99eed93a1e,2,2,0,0,1,0,1,0
78a89fb245e1492dbb52d1ff12f98bf6,7,1,0,0,0,0,0,0
79ee8c6bbffe445c9cf1ec30536e51bf,4,2,0,0,0,1,0,2
818c82881ee542f4bfe19914be0f7c86,1,3,1,0,1,0,1,2
86fd3ac2e9f346de9addad9d4ceaec0b,7,1,1,0,0,0,0,0
87f8829858254b08beb633e4e687713a,1,3,0,0,0,0,0,0
8f7ab2f927dd4cecabe2a931aaa0f440,0,3,0,0,1,0,0,2
91d6ddb54489459b9ff79c5377fdbaea,1,3,0,0,0,0,0,0
99e71456e89c4867b31816c0564ed8a6,1,3,0,0,0,0,0,1
9eb72a6f8f0b47169cf1997e418a5912,4,3,0,0,0,0,0,2
a8d5499be15f420dbd1379c33ebee4be,1,2,0,0,0,0,0,1
b90575b120e14e738336d7785d2ed2dd,1,3,0,0,1,0,1,0
b92426ce450c4732b4997482c59eb1f0,0,2,0,0,0,0,0,2
bf7115c6d89743bab7d3c3f4759a15c1,1,3,1,0,1,0,1,2
bf7571a7677046628fa5f4093168ee76,1,3,0,0,1,0,1,1
c69c960ceff5461d939ac22c30d8accc,6,1,0,0,0,0,0,2
cbbc5046769847b79c1d669c12b005e5,2,2,0,0,1,0,1,0
d1bb1cc070dd423b9678affae87aaadd,6,1,0,0,0,0,0,1
d7a47f2eda4a473f818d933e8251f9ae,1,3,0,0,1,0,0,1
da0bed1e5e1a47b08c8ca0af662bff51,0,2,0,0,0,0,0,2
dac0b1003b054bd6a6a5539d17ea00ca,1,3,0,0,0,0,0,1
db303e51224a4150b83890e8b6d695ed,6,1,0,0,0,0,0,0
dda2dc782b614a768fe9b5a81d7caacf,1,3,0,0,0,1,0,1
de5eaf98b8c34c43bc8bfbd7298f3ce0,1,3,0,0,0,0,0,2
e69abb6769784558997ba1c3512f1a82,1,3,1,0,1,0,0,2
ec5fe2bcbf8a48e8a375d7ecdfb3ba73,2,2,0,0,1,0,0,0
f2b8b4920df346f089f585f0fe99b9a2,1,2,0,0,0,0,0,1
f69771575dd441519aaac7fd2d9b4466,6,1,0,0,1,0,0,0
f6ce72446af44a9bb8916c911f0da795,1,3,0,0,0,0,0,2
fb95bcd4886941d4ac303cca1c145263,1,3,0,0,0,0,0,0
033fd353fad84ddb8b03de141f25de51,2,2,0,0,1,0,1,0
04208c3f6b5449d9be3395824a123552,1,2,0,0,1,0,1,0
05e77cfd5dfb4b8da52876490be720f4,1,2,0,0,0,0,0,1
0a3360ead8da440d85b39529ca4354b1,4,3,0,0,1,0,0,0
0ce488fdb210432c96ee47ee85703fb8,1,3,0,0,0,0,0,1
16eb7452ef194d92b14bda2b3e101daa,3,3,0,0,0,1,0,1
1ed09ef7c4c0479f9bf5cf9f22f661e1,0,3,0,0,0,0,0,2
1feb8a436c7e4b56889bc2e5db912173,1,2,1,0,1,0,0,1
256050d7107a48b68f43f80cb33fdb09,0,2,0,0,1,0,0,2
2aff1cd7b1464fdb8c67896c3cb5ebbc,6,1,0,0,0,0,0,0
3446f2563f5841208d3cc43155a1ba97,4,2,0,0,0,1,0,1
35c0af87a3e44d109cb5e80935acb799,0,2,0,0,0,1,0,2
3942161e0ead452b9ed69b617419a648,1,3,0,0,0,0,0,1
3979587def884fc5abda5e45868dc764,1,3,0,0,1,0,1,0
3c594e5568704ffb83dac34f98a61bcc,0,2,1,0,1,0,0,2
3c713c0de50441e6b0067328898794ff,1,3,1,0,1,0,1,2
3c8d1b40d0ef4c80954e83eb794cd6ca,1,2,1,0,1,0,0,0
3d4c08a5f8a54e1f91b11c2d7e6fea5f,7,1,0,1,0,0,0,1
3e85e7eec1804805a2f9afef816723ca,1,3,0,0,0,0,0,1
4e1c099a86a44c57b317ad610bda7ea4,0,2,0,0,0,0,0,2
4e69b36c7152418f81a1fa35a420417f,1,3,0,0,0,0,0,1
5060ab2572a54146a314bc9157111091,0,3,0,0,0,0,0,2
5210009757eb414d975c4e500d2c4f03,1,3,0,0,0,0,0,0
59c0263dd2f1411ea8bbf2388a1a5ae2,0,2,0,0,1,0,0,0
5e2d5028e91d4e44bf9effdba17c79f9,1,3,0,0,0,0,0,1
60a105f6b307428bbf45809ec39330a6,1,3,0,0,0,0,0,0
711e6fcf51f24bbdaa8605861695de19,4,2,0,0,0,1,0,1
7a41d9ae4f734282a31288538a272f36,0,3,0,0,0,0,0,2
7c0c5361192446db9b6cb97aeac7b14e,0,2,0,0,1,0,0,2
7f8a793f45ea455795f83a7ab80d63da,6,1,0,0,0,0,0,1
815df17807da41a99c8c16c13fc61b1d,6,1,0,0,0,0,0,1
82021816f4504b03b0190afc2f3277f7,0,2,0,0,1,0,0,2
85b632c4993c4b8f9a7f720892c78ce3,1,2,0,0,1,0,0,2
860e892807bd4b6c92fef26dab18ea9d,1,3,0,0,0,0,0,0
863067dfbd54461e8dc9d51f2e22f9a2,1,3,0,0,0,0,0,1
886f2d4fb9b34deba14d51ee37b3c3e6,1,2,0,0,1,0,0,2
8ac8c3169d214915ace1990f455532fb,1,3,0,0,0,0,0,1
9b667cfe0b124c6f9f128b4b5d8327e5,0,2,0,0,1,0,0,2
a04bb74c4c164c43bf684ee8ef5aa7b2,2,2,0,0,1,0,0,0
a45eafbfa33c40a38da5badb1318566a,1,2,1,0,1,0,0,2
a5434712cc8b4629af2b6e1a7601d19a,6,1,0,0,0,0,0,1
a982331896a947f5b2bfaddc288240c2,1,2,0,0,0,0,0,1
aa04cddd83a24467b6ec51f98849b6c2,2,2,0,0,1,0,1,0
adf9add7e2c545a4b5b67119184e59b3,7,0,0,0,0,0,0,0
bd1de4a8153a44fe93e728ca8e06701b,1,3,0,0,0,1,0,0
bd903ca6acbf4574bd754e446580a983,0,2,0,0,0,0,0,2
c40196d300df412e87a6b855a5c7b551,4,3,0,0,0,1,0,0
c5c88570ba36453f967f814840931888,1,3,0,0,0,0,0,0
c9535f4038ce42ec816d57cb8f8eb451,2,2,0,0,1,0,1,0
d288134fc6b242e8898e3ac02b3bf73d,1,3,0,0,0,0,0,1
d5f669bedfe14e8a8b11df06867aac6d,6,1,1,0,0,0,0,0
e39002ff72d04abc8db7fb85baf518a4,1,2,0,0,0,0,0,2
e904427640d64488bbac8dcd3610f05e,0,2,0,0,0,0,0,2
ebda700cd8eb4428a833244cd8af9398,1,3,0,0,0,0,0,1
ed36dc4c6cde4c249e71267540828976,1,3,0,0,1,0,0,0
f38198f8571145eab67d6855630c43d9,1,3,0,0,1,0,0,0
f45ca8ac67024c79822a28b9511faf8f,1,2,0,0,0,0,0,0
f5ea8341844842fba19756e3909c5c04,1,2,1,0,1,0,0,1
f988df5de8f84283b5af50cc9273b20f,1,3,0,0,1,0,0,2
fc4f34dae22c4dae95c19b1654c3cb7e,1,3,0,0,0,0,0,1
fcb703337a9648d1a31bfc748151591c,1,3,1,0,1,0,1,2
fe30a3f1db924025b489c354115ab48b,6,1,1,0,1,0,0,1
0550f3e56b994c5ab792e51d9a98587e,6,1,0,0,0,0,0,0
07285cb9bd9945cf914ae594c2179ff1,1,2,0,0,0,0,0,2
0bcf2daae7ed40e28fd67ddb9d68291f,6,1,1,0,0,0,0,1
121771e4763e4c14ada8dff388ec982f,0,2,0,0,1,0,0,2
1473567a1e4f4a9eb8e142b4d609a2a1,4,2,0,0,0,1,0,1
1d19da430b054958b5ffbe74808c58e7,1,3,0,0,0,0,0,1
2698aa2f6121459c875deafd200ad8ab,1,3,1,0,1,0,0,0
2cd7ec531d694024a4c0835e67d8454c,6,1,0,0,0,0,0,1
34540489a74a4103b4863b515aa40523,1,2,1,0,1,0,1,2
346e588a89f04e5ba739832398dde65b,7,1,1,0,1,0,0,0
34d4ad30df8f44e08634c4443922c6f2,0,2,0,0,1,0,0,1
39e154163bab4949a1fde3d8c444a6d8,2,2,0,0,1,0,0,0
3db1ae2f317c4d49acfbeadc4ed77d4a,4,3,0,0,0,1,0,2
40f9b93c7ab44678b7f2d279203f6a8b,2,2,0,0,1,0,1,0
4b09a8ce3c804570b302d7e3da0baa85,6,1,0,0,0,0,0,1
4c03fca440dc41a982579014a89ac163,0,2,0,0,1,0,0,2
4ed76161389b4690878a57c59c0cd71b,1,2,0,0,0,0,0,1
512e3e14b3314311bc7c58408773b9ce,0,3,0,0,0,0,0,2
55000bdb14b148eea7b5fe990f736439,1,2,0,0,0,0,0,1
56f561fcd7074441bc04ddd86b56251b,6,1,1,0,1,0,0,2
581a3e5afc244456a9fd7ec43f6c3343,1,3,1,0,1,0,0,1
5a5e37f8e6de42b48f4e826abd0da21e,7,1,1,0,1,0,0,0
5a7e49fe08d84b63a9a9832785638ec4,7,1,0,0,0,0,0,0
5b21b45d79644e15807b741a57c78148,7,1,0,0,0,0,0,1
5df2df196479443b94ed468c8fa3ad4e,1,3,0,0,0,0,0,0
6079d953a9cc44ee96385f5efbb09661,1,3,0,0,0,0,0,0
677b3341303c4b7086b78c2932e111b1,7,1,0,0,0,0,0,1
69d4385bd814418b80ccf25278363594,1,3,1,0,0,0,0,1
6b97274d649844ca8125ca2567474cd5,0,2,0,0,1,0,0,2
6f34a676323f48928977168fef6668bc,1,3,0,0,1,0,1,2
7167e1dabacc421d9f38addfc222c8f5,1,2,0,0,0,0,0,1
73b4192319814f5486f607badc4e0dd6,0,3,0,0,0,0,0,2
76bb675fe92a411e97e73ce9be1bbc3a,6,1,0,0,0,0,0,2
7bf0c1c1927e46af8fc06fba7d4cda66,0,3,0,0,0,0,0,2
7d28421266e84e2baab73858795ad1f0,1,3,0,0,1,0,1,0
8bb1e82617dc4fc6880c00d9fdc4f906,7,1,0,0,0,0,0,0
8ed05897dffa4084b710fe33d9879db2,6,1,0,0,0,0,0,0
90651acb6e3b4551aa1bcdd480e106ab,1,3,1,0,1,0,0,0
91e622df6dba4aedba85e814b9d5d326,6,1,0,0,0,0,0,0
98f7d7b4d7944f97b8e2a1f7af5df8ab,0,2,0,0,1,0,0,2
9e0de1c5f92543b9839406fd1c9e25bb,1,3,1,0,0,0,0,2
ada3ebe5999342d0bb79ad33bca93534,0,2,0,0,1,0,0,2
ae8c839f84264c93acbb69a7867d132f,6,1,0,0,0,0,0,0
b11f27be518a4da7a398be20435fa50a,2,3,1,0,1,0,0,1
b47e7c5c15ef4c44a2998d32897ee6a0,7,1,0,0,1,0,0,0
bb6c7541947b4ba6bb43fcf0f6cd0929,4,2,0,0,0,0,0,0
bb8269186c4c4995926ec79c223b6e8a,1,2,1,0,1,0,0,0
bbb3b877717741518ba5126ff596dee4,1,3,1,0,0,0,0,2
c1dfb6ba2e3543ad8fb436bc3b77bd1d,7,1,1,0,0,0,0,0
c32d6e76a0134ed89a808d86fd9705ee,6,1,1,0,0,0,0,1
c948586d5425437dabcfe9edaccde2a7,7,1,0,0,0,0,0,0
ca2505983bde4ca2b6bb28d79ab92c27,6,1,0,0,0,0,0,1
cf2af516bfb247c7b9f42e595a7418f8,6,1,0,0,0,0,0,2
d2b97559017d44709b862aff9d0f7051,0,3,0,0,0,0,0,2
d46902935f9d4faea903fb49912e7001,6,0,0,1,0,0,0,0
d5845e925afa4efabdc0485562a76174,7,2,0,0,0,0,1,0
d84c128355c547809dd0ee8113b92238,1,3,1,0,0,0,0,1
d87fff4c053b457b9f3d6462ba5a42ab,7,1,0,0,0,0,0,0
dd5d3d97ec1a48988c22c71781ccf596,1,2,1,0,1,0,1,2
df0410d0f2334440b2f564237ef29faf,7,1,0,0,0,0,0,0
e6c9b31e42f64be48b11b975ad7b8f76,1,3,0,0,1,0,1,0
fdee0351d56c40b0bf2be71da93676ba,1,3,0,0,0,0,0,1
fed05a58c22949568ba3648f64052f03,0,3,0,0,0,0,0,2
fee736268a26447c869a684f36d7dc32,6,1,0,0,0,0,0,1
feebefed4b3e4e5c9d1b75f4c3a1e376,1,2,1,0,1,0,0,1
01d803a1bf5849b99b1888148e4022de,1,2,0,0,0,0,0,1
05fe4cb04803498e80ac5aaf6179cb30,0,2,0,0,0,0,0,2
17a7731ea67c4e8486ae79b0b00c20c5,6,1,0,0,0,0,0,0
1a4ed3244d4b42c2b4faa03bc5377a82,1,3,0,0,0,0,0,2
1c207e7b6a0045148b505c50dbc94270,6,0,0,0,0,0,0,0
20da0e241a8c4d788c8322a866cc37ac,0,3,0,0,0,0,0,2
270c080f164641d3854ef049c53ebaba,1,2,1,0,1,0,0,0
28d5f8f70d5c49258cd64381d0f6998c,1,3,1,0,0,0,0,0
3c025605bbd6403d92c171a4111cf840,1,3,1,0,1,0,1,0
3dbf8f30c1d241db96cccbcb99c29419,1,3,0,0,1,0,0,0
3de2832f34864915a8e86876551d3809,6,1,0,0,0,1,0,2
4328ba4a03db42f4ae778ce6faff640b,1,3,0,0,0,1,0,0
4cb081e6c3b3401b82a856a0b4c05e2c,1,3,0,0,0,0,0,0
4e8d5de4b74d48708d5bf7940bdb8cf4,1,3,0,0,1,0,0,2
506315076f224907879d7a5784101027,1,3,0,0,0,0,0,1
5e4183db62a64788a23006eedb0dab20,6,1,0,0,0,0,0,0
62920d6c2df24832a504b250289d0b8c,1,3,0,0,0,0,0,1
665e40da1c174d92acc42246a81b75b7,6,1,0,0,0,0,0,0
698470da08cc433092f4dcba58180a89,2,2,0,0,1,0,1,0
69feaf783055478fa4418b1bd46e10b2,7,2,0,0,0,1,0,0
7599248afdfe49c3ab07691b658ba857,1,2,0,0,0,0,0,0
7a5e4aa017b3415d8b0a83f55b412f9a,6,1,0,0,0,0,0,1
831f118f71d048a6b6eea4342c194286,1,3,0,0,0,0,0,0
89b713d4df4445b1be5aaf903d6a7b83,1,2,1,0,0,0,0,0
8cdd4336ed5242fcbcb02dff8e9bf660,1,2,1,0,1,0,0,0
8fba4ecc487649d3bf5615fcfc69b751,1,2,0,0,0,0,0,0
9070b20a2a14415c8e6149d8559d4725,1,2,0,0,0,0,0,0
97c4c9011f1e40c28c1b2629bda8bccb,6,1,1,0,1,0,1,0
9af5847f795e47cc8ca2642a6398c250,1,2,0,0,0,0,0,0
9decfa6c5fb64e5eab5705ea6f4bb9c1,6,1,0,0,0,0,0,0
a3a39f1832c04d9cb8f1db30c00720fb,1,3,0,0,1,0,0,0
abca1df15a5f42aebcafa5b8eb9cd551,6,1,0,0,0,0,0,1
ad9a85c8d21c4418bb7df75838faff90,1,3,0,0,1,0,0,2
b8879d513c0d41669f9d66156f641930,6,1,0,0,0,0,0,0
be25ebbeef55449ba7042641b0e5ed5e,1,3,0,0,0,0,0,2
bf10045f8e0b4957821602c6e96c3000,7,1,0,0,0,0,0,1
c47b8604d11e44868c5cd87590ec3aa6,0,3,0,0,0,0,0,2
c6a4ee149c3e4d4eb777daa379acb142,0,2,0,0,1,0,0,2
c6d3e63f3bf44b4fa199cd6e9a515eff,6,1,1,0,1,0,0,1
cbd8826078314bb9b118971824c689ac,1,2,0,0,0,0,0,0
cd44a9c5b71c425b94e6852298fe459e,0,2,0,0,1,0,0,2
d10dfda42d8a4d789e4468b5e6d77a31,2,2,0,0,1,0,1,0
d53bd96fe1324243b0240ddefcd93797,1,3,0,0,0,0,0,0
df72bd49d36f46a9b45b3e0212256a10,7,1,1,0,1,0,0,1
e31a41edfd83470bb5aeadaf6e17dd5c,1,3,1,0,1,0,0,0
fb7d63a32f6344ada7de298a4f7f7715,0,2,0,0,0,1,0,2
fc87cc072ad84f8f856d81af73dbc4f7,7,1,0,0,0,0,0,0
fd419da4e2514148b1e6e0ed19846a2f,0,2,1,0,1,0,0,2
fe86d0148b7849f89e6dfa9e03297b99,1,3,0,0,0,0,0,0
00ac85b7dd2b49f4b5bf7a0f808fcd1f,7,1,1,0,1,0,0,1
04a6f093fdca46fca7109ee566917af4,0,2,0,0,1,0,0,2
09823ece112247408295241a6d0aa4b1,0,2,0,0,1,0,0,2
0ae417ce38f847d2a63d141ca99dcee7,1,3,1,0,0,0,0,2
0dc1099f4f054a87869a567a49c6657e,5,3,0,0,0,0,0,0
10431ab600cb4fcbaea31c4933467e2d,1,3,1,0,1,0,1,1
125790e02b564c2cb6c4e88062f6a8bc,1,3,0,0,0,0,1,1
165fdae95c4942a6970d68de39a5e077,1,3,0,0,0,0,0,1
1cb18b2e4642443990e9fba9ac0b66ff,1,3,1,0,1,0,1,2
1d5a8d592a75407ba805b05e2b185e41,0,2,0,0,1,0,0,2
1d6b271a22f040b8ad4a85d44fe59f4c,1,3,0,0,0,0,0,1
1e0cf061540c4e978ab112f6413720c8,0,2,0,0,1,0,0,2
217dfe2929544f02aef998d5e5c8c296,6,1,0,0,0,0,0,0
24611fe4d4484096af2bbc5c4988db73,0,2,0,0,0,0,0,2
2997c84fd4fb44b993f14bc7905de7a1,6,1,0,0,0,0,0,0
3a1adf30afd64777bc99b8381d88a801,1,3,1,0,1,0,1,0
3e2cae0a1521487cb0baba0951c2708d,1,2,1,0,1,0,0,0
4a5e8404ea1142b08611d95674235dbd,1,3,0,0,0,0,0,1
4e630cb1fc964f8ab192d2cfd79bfe32,2,2,0,0,1,0,1,0
4fa1f33a6bf34947a419cdeb18634a1b,2,3,0,0,1,0,0,0
515c437dd38a4131a438fef30e5a3d9b,6,1,0,0,0,0,0,1
5493b40fb6744ebe9e5e05feead9b79a,0,2,0,0,0,0,0,2
5c65c7d220e84a33885bef3e7160cb1c,0,2,0,0,1,0,0,2
5e483fe9f6884f7fa290a8c15c0e0f01,0,2,0,0,1,0,0,2
5f7c2524aa624604850374b4d26d371e,7,1,0,0,0,0,0,0
60b60b11c56543f98edf41d7562939e9,1,3,0,0,0,0,0,0
64d111cec3d842f09cbb8c68b1e49c8d,1,3,0,0,0,0,0,0
674efc70c069452598e92686230f1601,1,2,0,0,0,0,0,2
67cf0cae92f14f5eaf4a1bee6e755677,1,3,1,0,1,0,1,0
68940b07f6e24eeba86e4405f987f200,1,2,0,0,1,0,1,0
6de755c177da41329952eb426a64c436,2,2,1,0,1,0,0,0
7018a06d54554164be44fb2afa6c876b,1,2,1,0,0,0,0,0
73e6ef9bbd8f43a18e6e08a196e95815,1,3,0,0,0,0,1,0
7586e1f26c06480da0bee9f42908da2f,1,3,0,0,0,0,0,2
7fd57fa92b174bbb96dc4d1d86761140,1,2,0,0,0,0,0,0
80df4c30a5384de5a46d3070b1b97d2c,0,3,1,0,0,0,0,2
84a59a63d64644b49bfbc007947545b5,6,1,0,0,0,0,0,0
85c16e3776d9459b9c101921841db7ae,7,0,1,0,0,0,0,1
89a750d568cc4817b163daec27625dd0,1,2,0,0,0,0,0,0
8e3c665b431444dfb40dbb51bb89b914,0,2,0,0,0,0,0,2
936bf3adc503444195773edb4e396475,1,3,0,0,0,0,0,0
93d3d25dc890462a8f12a1610f04096b,3,3,0,0,0,1,0,0
a7de61a7e572462dad81c0dd0c1e5f88,0,2,0,0,0,0,0,2
aa60ed2dfc614610b6e6a53ee63b1324,6,1,1,0,0,0,0,2
ac96129126a84246bbcd42811013ef34,0,2,0,0,1,0,0,2
b2bebbc8458943b2911b2a7782818740,7,0,1,0,0,0,0,2
b325cf2b49384371b90baf781e6d300e,6,1,0,0,0,0,0,1
b99879c99f3744c08ea18f00ce7d80bd,0,3,1,0,1,0,0,2
cd43a35c07894943b1a0ac7eb64b2612,1,3,0,0,0,1,0,1
d5f6e2615fc84a58b48b67e2329ef877,2,2,0,0,1,0,0,0
d689e9a99fbb42ff89851f441a81279a,6,0,0,0,0,0,0,0
dae2fa98c12e45889127653fc293b4b7,1,3,1,0,1,0,1,0
e2e091a282af409887fdf6a962b4efc6,1,2,0,0,0,1,0,2
e6fc1dcb540a42419a8e1cf65397968b,0,3,0,0,1,0,0,2
ec7c7b51bf87439aaa956e57fa0d0960,1,2,1,0,0,0,0,0
f4394bdda56e447589f19ace427bddcb,1,2,1,0,1,0,0,0
f4a7711a3e734fdbb4a15ab0ce68ef1e,0,3,0,0,0,0,0,2
f7c4eabc5efc4efaa259d2ddfe2a638e,1,2,0,0,0,0,0,0
fdda29d31bb5476a9d6f09c1675475e7,6,1,1,0,0,0,0,0
03b72a9d3ccd4aa9ac4fd211aea76020,1,3,0,0,0,0,0,0
0d808580d1a844bd9b52153f38743b21,0,2,0,0,1,0,0,2
1788d2ce18d5446d8c3f5d2c03f6643d,0,3,0,0,1,0,0,2
1cbfd0986a414d85b1870cf1a055093e,6,1,1,0,1,0,0,0
1db81e273d9a4be0b552f8aa01bd6f06,0,2,0,0,0,1,0,2
1ffad0e293c14a32bf3dc274887bc59c,1,2,0,0,0,0,0,0
234cf83606af4c3ba77ecc83548bb960,1,3,1,0,0,0,0,0
32ba9b98967a43f9939da1b8e7f2d0bc,2,2,0,0,1,0,0,1
33b1735584504506816c478c18d53bb2,1,3,1,0,1,0,1,0
56502e210da34028979027e854cc4a0d,7,1,1,0,0,0,0,0
5a2d634167f64c70962ac7bbc69ae4c9,6,1,0,0,0,0,0,2
5e2cfd6bc2424583aeab241847b7eae6,5,3,0,0,0,0,0,0
6419083f5cf04fa6afb584f6b53f31d2,6,1,1,0,0,0,0,1
66414e0ef89e4dcdb4d933efbfe08cad,1,3,1,0,1,0,1,0
68f62af4c787445583f995f8e46cd2f5,1,3,0,0,0,0,0,0
69c0d314fdfd493292674efa7087b576,6,0,0,0,0,0,0,0
6c923c5d9fb9452f86190435071aff24,4,3,0,0,0,1,0,1
78d4ef05c26a4a6f91904ee0d2f559f5,6,1,0,0,0,0,0,2
796f026f7c2d44d1b4e3f7e18c9207be,0,2,0,0,1,0,0,2
7ce2959651d84e72a672b8a00baccb62,6,1,0,0,0,0,0,0
8316a49cedc54fe184505525b78fa7fe,1,3,0,0,0,0,0,0
83b706fedd67450f8fc26119769ff561,6,1,1,0,0,0,0,0
84dc13739b7140f3858fa314ba53434b,1,3,0,0,0,0,1,0
858225e16f634d5eb1af26e2b967111a,6,1,0,0,0,0,0,0
87f2297edd4a45bba9300d09171ee7a9,1,3,1,0,0,0,0,0
8db7dc3e4a7e4b44bef157ae3d56bfd9,1,3,1,0,0,0,0,1
8df409cbf94c48ce8f3b599e596508c2,6,1,1,0,0,0,0,0
8e7630fb5e4144598c30cd9722433c01,1,3,0,0,0,0,0,0
960494e8e6694ae3bae0c333f0809505,2,2,0,0,0,0,0,0
a017d2120a504b6ebccf94d651321ca4,1,2,0,0,0,0,0,0
a7560c86affe47089dc168248e9d25e5,6,1,1,0,0,0,0,0
a775c69d36f04e4c9a738d53e6fe5115,1,3,0,0,0,0,0,2
a806a53a6e6948c6bd6a4ca537c66046,1,2,0,0,0,0,0,0
a847a835995a4d91a61f45c9e42f7a1a,1,2,0,0,0,0,0,0
b215a23238fd48fbbff37cda5f44982e,1,3,0,0,0,0,0,0
b81639e1d1bc488fa74cf786c96cfa07,1,3,1,0,1,0,1,0
b8604a70bfe240959f5246d0be3e32ad,6,0,1,0,0,0,0,0
b8fed189a84741a0827b1006ba003a94,6,1,0,0,0,0,0,2
b9071a94f61447678f473c08b94d6dac,1,2,1,0,1,0,0,0
b984a54ea660447bb4ed5254d85067d2,0,3,0,0,0,0,0,2
be7897de67774a32b8591834d2862e14,1,3,0,0,0,0,0,0
c3ba0b5eb0be4897ac418d457c3e4a37,6,0,0,0,0,0,0,0
ccb938636ace4ff58e5fa374b272cf89,2,2,0,0,1,0,1,0
cfae18e0bfe444aa9189d39ffe21d697,1,3,0,0,0,0,0,0
d12ebfa51aef4e428b64578fec35fda8,0,3,0,0,0,0,0,2
d1a772d68cef4db0ac72958c86ed99e7,6,1,0,0,0,0,0,0
d1e54f291eb54d068f4332e17430ad29,1,3,0,0,0,0,0,0
d76f9fd20bd34e4593e70a524289dfd0,1,2,0,0,0,0,0,0
df2871d10eca42b68b9347dbd97d498e,0,3,0,0,0,0,0,2
ea69b9b437ce4b03883c8721478fdb59,6,1,0,0,0,0,0,0
ec59c55f7ace4aebab3db4121bdbae6c,0,2,1,0,0,0,0,2
ee2c7eb5dec041208f5d5c12e78e3a48,1,3,0,0,0,0,0,0
ee8c8dbbb446482cb0bd21c008d57390,1,3,0,0,1,0,1,0
ef7a263ecbb542beb021ac94d4481fd9,6,1,0,0,0,0,0,0
ef7ab96a240b424faf3e04051c37caf8,1,2,0,0,1,0,0,0
f571d0d760b54297876eb0bf90394bc6,0,3,1,0,1,0,0,2
fa52db49b3ce4a2fa2e14fb143d117de,6,0,0,0,0,0,0,0
00bc0f978110448a922a1e0a1d548857,1,2,0,0,1,0,0,0
029ba9248f1d4c5591f66aac450f4c9b,0,2,1,0,1,0,0,2
071263f0b4bf40dd919b4613aeeac738,1,2,1,0,0,0,0,2
08714b04194341e69d88a92b789260f0,0,3,0,0,0,0,0,2
0896d8c7fe864006af8de1bfad4a7a07,7,2,1,0,1,0,0,0
09daf6c06c094f709a4c03c893d41ad4,1,3,0,0,0,0,0,0
0bb6225cfb30461e9f49ee5397a4f0d4,6,1,0,0,0,0,0,0
0c36dd6bac654992a6963ae2f6caa0ec,1,2,1,0,0,0,0,0
0dff359b269d46649942d9dea7038fbc,0,3,0,0,0,0,0,2
0ed778aa1a5149f4976a2207cf1a29aa,1,3,0,0,0,0,0,0
16e64c1716014611bba33ee901f96565,1,3,0,0,0,0,0,0
16e6ed015925492aaa2bd17365b66057,0,3,0,0,0,0,0,2
17a0605e38124f61b3c63e4f347bd74c,1,3,1,0,1,0,1,0
21fcb229de93470d9f87336111687f82,0,3,0,0,0,0,0,2
26f66b193dab479eaf0fc6aab57c6a9f,7,1,0,0,0,0,0,1
27bb99bb9d0846dcb99225ff6eaeea95,6,1,0,0,0,1,0,0
29b5588485a94c2db10bce3b71eccf1a,2,2,1,0,0,0,0,0
2a7d142ba64f435791691ca818cab815,1,2,1,0,0,0,0,0
2ad96164e6414d658c541986bdac4461,1,2,1,0,0,0,0,0
2c9775ecc6a849d398d3d917caab5f27,1,3,1,0,0,0,0,0
2ec52071479749ae8a164ef83c641e30,0,2,1,0,0,0,0,2
2f82fb75e4fe49e799f76e5a6c666033,2,2,1,0,1,0,1,0
32960b17b51e4d488f9d2f68dd06fe45,1,3,0,0,0,0,0,0
394ae98a6fd544ba8d67d33e8eb2068c,1,3,0,0,0,1,0,0
3dd6f95aae6c4bc8b5304a78f2d9cd7a,1,3,0,0,0,0,0,2
46393b5016e04b71b4c26f091ab3d037,2,2,0,0,1,0,0,0
4c4bbb9bef9747e7b6b581a4edfa9508,1,3,0,0,0,0,0,0
4d87601556404b34bbd5f3edf7081e8a,1,3,0,0,0,0,0,0
4dd63ce7dee64902aff48bafd8b0f68e,1,2,0,0,0,1,0,0
62d95a5a547e4102a5cc39860edb4346,6,1,0,0,0,0,0,0
6dfa9d77b23d448cb90d01d402c91108,1,3,0,0,0,0,0,0
74ecd711bd444669ae028b7ebe111d31,0,3,0,0,0,0,0,2
78a0fe5048d44c98987c08b1a1ba25b5,1,3,0,0,0,0,0,0
8108272952b34a67bd6fbeec211d7f5b,2,2,0,0,1,0,1,0
8a7a6a76448c415f8742a7d6300439f7,1,2,1,0,1,0,1,0
939e047bcfb944be8c5fb7463be1f56c,1,1,0,0,0,0,0,0
95f95beb3f264750929faa9c07df6471,6,1,0,0,0,0,0,0
a50d40fee9a94cd8877463bcc2c36974,1,2,0,0,0,0,0,0
a9a73845b0e34db4874a8bc61dea323c,1,3,1,0,1,0,1,0
b6be5fb573354d68909d7fb8b7746b44,7,2,1,0,0,0,0,0
bb01c233976c49a9a2984dad2a4315e4,2,2,0,0,0,0,0,0
be3559439f684332b3e2e82cc71b0c25,7,1,0,0,0,0,0,0
c17e5dcfd65040bd8fcedd56af149219,0,2,0,0,1,0,0,2
c2defaad474840efbeb4c03d570b770c,2,3,1,0,1,0,0,0
c334d1d281a54c78a91243b73e02d5c2,0,2,0,0,1,0,0,2
c9b915bb76184362b76236ef210e93da,1,3,0,0,0,0,0,0
ca10ac6f777441bfb77fc856224eaca0,1,3,1,0,0,0,0,0
cb1d6409eed445e78146e72d7adf0040,1,3,0,0,0,0,0,0
d00f2fd4358d40f28a6201d387dead1a,0,2,0,0,0,0,0,2
d09678347713483583a99831dd5aad57,1,3,0,0,0,0,0,2
d2c47103b6a842e78c2a0256d1b24ee6,6,0,1,0,0,0,0,0
d341e8005f024333a11f3cd2de515615,6,1,0,0,0,0,0,0
db04361d9c9645dabaf7e3b709a85b5b,6,1,1,0,0,0,0,2
df94b58ed4df444f99114c3452b67853,0,3,0,0,1,0,0,2
e6c3cda9d35745d0b257480dfc318c49,6,1,0,0,0,0,0,2
e6e67d48eebe4c89989f4f620143081f,1,3,0,0,0,0,0,0
e8b1f1d2ea1748c9ba791e0b09fcd26a,0,2,0,0,0,0,0,2
eafb6ce7eccd4ae889a4cda7fef5f89a,1,2,1,0,1,0,0,0
ed63ccbf8a6f410fab3069de32938ca6,6,1,0,0,0,0,0,0
f0169fb3175b4b09bf626830f730a197,7,2,1,0,0,0,0,0
f5d85c645bc943d69884a7be615b2a14,7,1,0,0,0,0,0,0
fc920d6ff18c4525a005a729f0fc63a8,0,2,0,0,1,0,0,2
0d936fe8be834e81b5c49baa4ce61b89,2,2,0,0,1,0,1,0
1906c38875544f54865a9eaee9214e15,6,1,0,0,0,0,0,0
1930bf81a0574739aa6ccf4c8f8ee957,6,1,1,0,1,0,0,1
1adcd8c7f7a740dab0eafba3c0bc6f13,1,3,0,0,0,0,0,2
1c1f52285d2a4a8b9b7a9a44bf27db43,1,3,0,0,0,0,0,0
1ce351902e44496dbad377ff68607461,1,2,1,0,0,0,0,0
1f4763d03c0a4dfe94a435e133493231,0,2,1,0,0,0,0,2
216521e7745b4775aa3e4a8380a1655b,0,2,0,0,0,0,0,2
22814af285d54a02b74e663009592167,0,3,0,0,1,0,0,2
237c5cb798fc4bc79a9443d90c8f5251,6,0,0,0,0,0,0,0
23ac1ab592e34a63ac8d94cff94698bb,1,2,1,0,0,0,0,0
23ec39021ca6444fb6e7ea5cc2fa910d,6,1,0,0,0,0,0,0
2481bbeac4ce4bdbab1a2cae20d52ff0,6,1,1,0,0,0,0,0
26f7ac8149434e60a97ba01f5476528e,1,2,0,0,0,0,0,0
2724a71bbe324db98bfd8758a02ecb09,0,2,0,0,0,0,0,2
2f51a1b6ce3e41d2a96881a51c19441e,7,2,0,0,0,0,0,0
301413c64b33418eb85af25abf1d8bba,6,1,0,0,0,0,0,0
36dd55aaf6f241b79c603176b2c20f43,1,3,0,0,0,0,0,0
3707ea0eb95a4888a4a57c14b0d86101,6,1,0,0,0,0,0,0
38c1bd68da08469d824de05d775f62d2,2,2,0,0,0,0,0,1
38cb6584bb734d729baf712da41b141f,1,2,1,0,0,0,1,0
39c2b8e8a25143a8bed735176ded1a1a,0,2,0,0,0,0,0,2
3ce3b16d160143b2b19c042a85ffff24,2,2,0,0,1,0,1,0
3d8129eed31846fb9fbbc147c4ed25cd,6,1,0,0,0,0,0,0
4c6c5660e8b4481aa9891a2f540172cd,1,2,0,0,0,0,0,0
4d9c5484371d4cebb551d28b1d07e2dc,1,2,1,0,0,0,0,0
50d477c7dd5b4ba3a22d4ded53dbee52,0,2,0,0,0,0,0,2
5305b00c280f4cfb8e2a8f3c47acdb24,7,2,0,0,0,0,0,1
6e16796a85ea45bcbfbe3f8452a7fcdc,1,2,0,0,0,0,0,0
7bbf0b2c99b44023861f1605b291ad83,6,1,0,0,0,0,0,0
83a73c66568c4c7b93a59a3c997d481d,1,1,0,0,0,0,0,0
87d79765f0244df48b7f4d1f263b9d62,2,2,0,0,1,0,0,0
8a8a49a5ca9d4fac84afc2bd3ebbf6db,6,1,0,0,0,0,1,0
8faab4816ea24314b0d80ee535960943,1,2,0,0,1,0,1,0
94c8778bcf5d484c88d52ff4e6304481,2,2,1,0,1,0,0,0
978f51947b6e4978a32dfa5f25be40e1,2,1,0,0,1,0,0,0
979c05148dc94e4aa8db866545abcad4,6,1,0,0,0,1,0,0
9ec722c6020b45398b094b92efa35f17,1,2,0,0,0,0,0,1
a04f72dcc730466d9f1aa77c2923ff35,6,1,0,0,0,0,0,0
a3630a00311a4c6d958397873a3351eb,1,2,1,0,0,0,0,1
a48a5a621a7d48a582b6cdfd4d695866,1,2,1,0,0,0,0,0
a82c1c53c4fe4dbe92df27f4229cac49,0,2,0,0,1,0,0,1
abc460ac886f46a2aee411c6ad6e8804,1,3,0,0,0,0,0,0
ac43c76f818d461da0282822b1b49cb1,6,1,0,0,0,0,0,0
bd05149f050c43ecb70716278dcf948f,1,1,0,0,0,0,0,0
c045d576d8584be39fdc34168a84881c,6,1,0,0,0,0,0,0
c3086da7c25f48ccb8b31f6e930d4734,6,1,0,0,0,0,0,0
c5bd74e411614462aeac39b432ebddac,0,2,0,0,1,0,0,2
c608ada4999b4ac49ec416c7de2f7ad8,1,3,1,0,0,0,0,2
d386bccc7ea0449fa8a33a54e4691054,0,3,0,0,0,0,0,2
d4cfa70a35d64dd8bcfb044d28cc5474,6,1,0,0,0,1,0,0
d543e0f7d63d4f3ea3f1a53f11d665bb,6,1,0,0,0,0,0,0
dbc0927926df463ebe0924a40ae6174c,1,3,1,0,1,0,1,0
dc49d56221bf443fad0465a174b9d183,0,3,0,0,1,0,0,2
dddd04c4960d4ca1a9cf5a2009fba65b,2,2,0,0,1,0,0,0
df680fc75f13457b95587b7edde5a0f6,0,3,0,0,1,0,0,2
e1d57f68aa7941889cc4afdb3f24a5d8,1,3,0,0,0,0,0,1
e3142057fbf74a1f82a81d45fa701cca,1,2,1,0,1,0,1,0
e392d71cbc47456b88afd6ce839bd0dc,2,2,0,0,1,0,0,0
e3df63ad33f2444f89e8414f5f10badf,1,3,0,0,0,0,0,0
f614c4018dd6437b919d69bb61efde36,2,2,0,0,1,0,1,0
f9d1ac73857e43bf82ad2b8e82ff7002,1,3,0,0,0,0,0,2
00b28948fe544d77ac84084a4b72d882,6,1,1,0,0,0,0,0
00eac6e91a0e4dc4809be2d087222bf8,0,2,0,0,1,0,0,2
0d1e827be4874a0ea454452c45b299bf,6,1,0,0,0,0,0,0
0d5c840791984beb881a481ed128593b,1,3,1,0,1,0,0,0
2f9bcbdeaea74f8c8915e51da414df3c,6,1,0,0,0,0,0,2
360815910f8743deb4d63ea0b41f4089,0,1,0,0,0,0,0,2
36253dbf06ab429cbb3c96317d8df259,7,1,0,0,0,0,0,0
36e3d4eaa5bc49eca846d215ce307b2a,0,2,0,0,1,0,0,2
3c6f267c7da848f4acbbd5d710e6a513,7,2,0,0,0,0,0,0
3ebf41c7d1a54acfa901b6ba34ff7be4,6,1,0,0,0,0,0,0
400ba54f7b8142e1ba415df3e3a87ab7,2,2,1,0,0,0,0,0
456917479d46439db6fdcc7d50b63fe1,0,3,0,0,0,0,0,2
46d933e0cd24464387bbbc74c7f60017,1,1,0,0,0,0,0,0
4a20c74f394e470ba5a173e97449a980,6,1,0,0,0,0,0,0
4d4c62bf720c461c83a58d3ce1ecdf7f,1,3,1,0,1,0,0,0
4f9b01130ebf4a18a4db69fc71c17b07,6,0,0,0,0,0,0,0
51c8bd3ebb93439585f37882b066a859,1,3,0,0,0,1,0,2
51e2149fbe1c4a6f9feedc3aa95823df,1,2,1,0,0,0,0,0
5347d9dad07044e4a71345024f277a0d,1,2,1,0,1,0,0,0
538a7779005a4b95bfdff1fc36c32c31,1,2,0,0,1,0,0,0
58c2886442574faa81effb4b30cfafb9,0,2,0,0,0,0,0,2
59980a59a18946948b48ffca0b66262c,1,3,0,0,0,0,1,0
5a6253916afe46cdb1841ad513a90e00,3,2,0,0,0,1,0,0
5e39b7649dc4456e9b911059a3c4c0ba,0,3,0,0,0,0,0,2
687129a9714544688a27c9f18c452b56,6,1,1,0,1,0,0,0
68cd2d392f444574b092c3661d53148b,2,2,0,0,1,0,0,0
6afcf8814d494372a4f3f7e3b99219ba,6,1,0,0,0,0,0,2
6d8f663723d34352962620d99487dd1f,7,1,0,0,0,0,0,2
74dcce1776724ce4b6a9a8a086f5cd3b,1,3,0,0,1,0,0,0
7823bf0aae3548969794ef6b6462db8e,4,3,0,0,0,1,0,1
7b726d197256476685200a3bdfca27ea,6,1,0,0,1,0,0,0
7e58186508944fa99db2483a5f1059b6,6,0,0,0,0,0,0,0
81f586f264374ec9b6a6ac6c7e5093be,2,2,0,0,0,0,0,0
8272d70ae85746bc8f618830b9025dc1,0,3,0,0,1,0,0,2
83010426301043a98185c88eb5a01f21,1,3,0,0,0,1,0,2
8bad8baaf6794ebc8fe27bb723442a88,1,1,0,0,0,0,0,0
8bd61821280c478b8f14fdf7025f4e20,0,3,0,0,1,0,0,2
8c4133c2d1b1477b811e25266928ab73,1,3,0,0,0,0,0,0
8fc87e63dc634b20a26890f09f7b9809,1,3,0,0,0,0,0,0
905bf1029b4b432d98b620d666a79405,2,2,1,0,1,0,1,0
910ea30a5b904506a8cd469ffb7eee43,2,2,0,0,1,0,1,0
91ec2549c1cc4f948c1011b5ff06256b,2,2,0,0,1,0,0,0
944cda14bed9493583b5a916dcd89202,0,2,0,0,0,0,0,2
9b5612848c0b4ce9b4595af4e6204032,2,2,0,0,0,0,0,0
9d821d7d27b4426ab0981b65251d5424,1,3,0,0,0,0,0,0
9e10e28bdf1d438ab49e4cff33537169,1,3,0,0,0,0,0,2
9ed6792bd70f471aa70bd7121c9c3185,2,3,0,0,0,1,0,0
a1ac872e97a544a7b71e88d8e1fd09d3,1,3,0,0,0,0,0,0
a41513a0e5014089af6033b41f759cda,7,0,0,0,0,0,0,0
a4befa7cde4e4e259028ab3fe6e91252,1,2,1,0,1,0,1,0
b9e1b4a5d2ad4aecb4d5011de8f0584d,0,3,0,0,0,0,0,2
bd397584c9fd44bcbc88aebaba62df32,0,3,0,0,0,0,0,2
c09a71c4e653461d94b98d23843d7ee5,0,3,0,0,0,0,0,2
c2bf87a98b7848d7990326d40ee1db4a,1,3,0,0,0,0,0,0
d717fc4bfa504b7d86ad8dbef73758a3,0,3,0,0,0,0,0,2
e01ab8ecbd784f2bbb8e25deef6082e0,1,2,0,0,1,0,0,0
e12af3a7ab9d40aab11f1d04a12d5faa,0,2,0,0,0,0,0,2
f72e9fadd7d643099ff1976e0ce67971,6,1,1,0,0,0,0,0
fa5718c649064d9195b3005ca4eefeff,1,1,0,0,0,0,0,0
05ab4024942541b786a3124667d128d0,2,2,1,0,1,0,0,0
0bea4a194e6e45bbab9b3a946798a884,0,0,0,0,0,0,0,2
12d33bdd90c64024af13cc7cf9bd2755,1,3,0,0,0,0,0,0
1c25de683d504cce851922dfdbd6fe70,1,3,1,0,0,0,0,1
1f53555aa13d438cabbc6abf88845354,6,0,0,0,0,0,0,0
25db2fd8586a45cabc66e57fefe79d48,1,2,1,0,1,0,1,0
27abe84ed89345f39b529f09757c4de8,1,3,0,0,0,0,0,0
29cba90af41f432fb5f44fe856bd465b,1,3,0,0,0,0,0,0
2ca5d00714d84ba18a467cca6b1d8d50,6,0,0,0,0,0,0,0
2de9d409fe734db9bd87e952f2efa79a,6,1,1,0,1,0,0,0
32e3aab9b5a34ca29331d421ce0e6d7e,6,1,0,0,0,0,0,2
3ae7a99a38b64154b510a43c8b07d281,1,3,0,0,0,1,0,1
3c0928c16ddd4e61ab23d0b141648ed4,4,3,0,0,0,1,0,0
3d398dde4b154c4bb4de05df0042a72e,7,0,1,0,0,0,0,0
42b15294abc04bc0b4b10481528598dd,2,2,0,0,1,0,0,0
45bf6857c9c145fd87c173c8188a10b3,7,2,1,0,0,0,0,0
4b2a1301e2914c18863d5e8e9b21c6d4,6,1,0,0,0,0,0,0
4bff6df0ffbf448aad19ed8ead55a806,0,3,0,0,0,1,0,2
4dc0ae2c474240958fe7fb14119e1d1c,1,3,0,0,0,0,0,0
51c3bb39e36b4657990b11cbee79c782,1,3,0,0,0,0,0,0
53dff460810c4c83b3f5d0b728b81c14,1,2,0,0,0,0,0,0
5791ea60b931472cb3dc4f32cc58ba71,1,2,1,0,0,0,0,0
6e2227e7c17d49369857bf38216af8d7,0,2,0,0,1,0,0,2
6fec4d7c2bd94279a1af31229b9c63e0,1,3,0,0,0,1,0,2
7289f379d11044e1b9d04500a0f17d41,0,3,0,0,0,0,0,2
783382e893ab42a2b177c42be11bb69b,0,3,1,0,1,0,0,2
7e2d88aff36c42e985bbc9e24fb1e848,1,3,1,0,1,0,0,0
928175113c6b43fd99a1c457f3bf313d,2,2,1,0,1,0,0,2
93e6b3f88c084033a359a12f2a5c23a1,1,2,1,0,1,0,0,0
94d85478e8e54b18b372ec3ee0b75487,1,3,0,0,0,0,0,1
a84d33019d58426f974ba95466d471e7,1,2,0,0,0,0,0,2
ae546fbe707f45b3b2d11dcff0cd6b9d,1,2,0,0,0,0,0,0
aecf349e49864d8492cf320e5b8d063c,1,3,1,0,0,0,0,1
b34ad3cc80e94dca92d779025a52c62d,1,2,1,0,1,0,1,0
b863f39acef74bd58914fa74c9b40bc8,1,2,0,0,1,0,0,0
be46e5116ab449a48c8361a2c9f69ebf,6,1,0,0,0,0,0,0
be850358f5084f6981051cea35e3fa86,6,1,0,0,0,0,0,0
c2237b0373d146f3a06240e085d02dd2,1,3,0,0,0,0,0,0
c2dc37a1391b4365b48b73d84e4bad7f,1,2,0,0,1,0,1,0
c3575585019444f4a69682ba010dac89,0,2,0,0,1,0,0,2
c7e9cb0d871645a89f2239c8159aa6c2,1,2,1,0,1,0,0,0
ca70b62f13724d09bc67ad80a5ccf0a8,1,3,0,0,0,0,0,0
cb1b6006dbb64f5ba321abf27e0f97f9,1,3,0,0,0,0,0,1
ce424b2adaef4a30affd3b67047726cd,1,3,1,0,0,0,0,0
d738f9c39bd547cb9bc3c6a59fd01530,1,2,0,0,1,0,0,0
d76b2384b9d5407d99304739d8804e6d,1,2,1,0,1,0,0,0
d968e5f4d0444b6ba0fc657b91e04190,7,1,1,0,0,1,0,0
e63492997f87462782bce6d4ff91a353,6,1,0,0,0,0,0,0
e6df30c711884f14bd8c191d43a3da75,4,3,0,0,0,1,0,2
ebbaf9314019423990118c8567ff4477,1,2,0,0,1,0,1,0
ee9f73a7b94c4b3b8635827b98db278b,0,3,0,0,1,0,0,2
f028c52a500b4fc686d251f3a0cefdfd,7,0,1,0,0,0,0,0
f35cb8ca7a3e4dca942c24041501df41,1,3,0,0,0,0,0,0
f3c1e05626b8459a8981540c63cb23cb,0,3,0,0,1,0,0,2
f3f4397cda2c4cad90e703aa67d71bad,1,2,0,0,0,0,0,2
f408392578994137879e8beb4804d578,1,3,0,0,1,0,1,0
f69e572f21dc4098b5d9e058a4a2bdbc,1,3,1,0,1,0,1,0
fba494e11b75436d9b9b6ee54cc1f6f6,0,3,0,0,1,0,0,2
03071111887c46d59d9fe5d5f763f0c0,1,2,1,0,1,0,0,0
0d7f3fb1c1be4500bfd7263b8f6b1c03,7,2,0,0,0,1,0,0
0ee82c45164c4e50b421db9d7e53868e,1,2,0,0,0,0,0,0
0fa7400478d44280b16691b6a4adb2ba,1,2,0,0,0,1,0,1
18130ae2014943c1b2ac33cf0e5915fa,1,2,1,0,1,0,1,0
18a5bd9ac6cb4e45a44e85944bd4addd,7,0,1,0,0,0,0,0
1bbd00ae9d334f52b1b8e5f11063f63c,1,3,1,0,0,0,0,0
1cce882d7e284d00a94849d1b408acb4,2,2,0,0,1,0,0,0
1e1a4fa07abd4474a27b3ab10d69cd08,2,2,0,0,1,0,1,0
1ea5e4d54b8a4d77b79bff3c0af6166f,0,2,0,0,1,0,0,2
20c03596cc00432fb999ea4328284e94,1,3,1,0,0,0,0,2
2420ae97747342dc91d53ace68093874,1,3,0,0,0,0,0,0
2d1b67b8911c4289a571eac36dabaceb,5,3,0,0,0,0,0,0
304e2df34e024c9ab19226d326f56ed9,1,2,0,0,0,0,0,0
3333a2e91c644fc2b3f3deadf151dac9,1,2,1,0,0,0,0,0
3659c1c8a2c04777b0e0fac7b6998e5c,1,3,1,0,1,0,0,0
38eac20fd79d49cd8785833f4aeef565,0,3,0,0,0,0,0,2
3e5dab45101844d78933ff7b888bdcfe,1,3,0,0,0,0,0,0
4555da202050482b97de2be4d0b75de4,2,2,0,0,1,0,0,0
4d69ff662da9465fbac5a8c1c3631294,6,1,1,0,0,0,0,0
4da6683a8c564fad95c723eb236f42fb,1,3,0,0,0,0,0,1
58569f8c975c461d84e215f81063fa2b,6,1,0,0,0,0,0,0
5ba6b9dbf659456d8b0e9c5f4f407835,0,3,0,0,0,0,0,2
5f435309436941a6b353bbbd0f108edf,7,1,0,0,0,0,0,0
6a23b4c0e3d440dfa9574693b9907662,7,1,0,0,0,0,0,0
6b73c3ac209241638e26caae68355039,6,1,0,0,1,0,0,0
6be4050b71964515bf3811e51e54c06f,6,1,1,0,0,0,0,2
6c744f3da64247cfb2a0cbfeaf361c87,1,3,0,0,0,0,0,0
701c17a1a77e469ab0d833e3aa1b1847,1,3,1,0,1,0,0,0
7bb9146184a343bdb2593bcb5a86006a,2,2,0,0,1,0,0,0
7c22f78df7594d3faeccfe18daf17b9a,2,2,0,0,1,0,0,0
7ce5810d08824134a572e46f1adfd595,1,3,1,0,0,0,0,0
7edf3bcdd18f410bb55f84b533794300,6,0,0,0,0,0,0,0
835b5198d5084b6cb2c8a11e322ca58a,0,3,0,0,0,0,0,2
843f3fdf5ee24418bc96f82902cabdde,6,1,0,0,0,0,0,2
847a50658c8546fd8673f8c836645215,0,3,0,0,0,0,0,2
8669d9390ae3430c9729da0dd68fbe13,0,2,0,0,1,0,0,2
8bed8a24c3054722a363141dbe876cd2,2,2,0,0,1,0,1,0
8f5c8ecbb7164e97bd361a9402b38d82,6,1,0,0,0,0,0,1
966998c5b53f44fd9abce7c6f322d998,7,0,1,0,0,0,0,0
975245748f7e40fc9deb54596bfa031e,6,0,0,0,0,0,0,0
aa77262da79c4de1885df71e897cf5eb,1,3,1,0,0,0,0,0
ac5e603db2644f3d953e96dd69770a96,0,3,0,0,1,0,0,2
b32e2e5e1bcb45aba64625e9b6a54d15,1,3,0,0,1,0,0,0
b6b8a43113574c07a93608dfcea47e26,1,3,0,0,0,0,0,0
b7dce5955417475ebc5e85ecef882557,6,0,0,0,0,0,0,0
b86569c202fa455b8d221e90c5588cc7,2,2,0,0,1,0,0,0
bd6b7dd4937540c7ba94655fd6b3f3a1,1,3,0,0,1,0,0,0
c6851bd453064b9e9751254f5b812888,6,1,0,0,0,0,0,2
ca3bf31b3a554b3e82d686fc04b92619,7,1,0,0,0,1,0,0
da980af563d94fddbe7e66e4299b164b,6,1,0,0,0,0,0,0
e2aecaea83e840cab77384182ddea0f3,1,3,0,0,0,0,0,1
e4069ce63c1649e3a616112e72445c81,1,2,1,0,1,0,0,0
e42e9b723b3f4c74bc4bd5810d772a4e,0,3,0,0,0,0,0,1
f35a071f1ae949df8f5fe535ce0d5e23,1,2,0,0,1,0,0,0
f5efdef4c5f0420c8d9124c7c364ec64,6,1,0,0,0,0,0,0
ffc440c329114ac0b3ffb03e431cdd40,0,2,0,0,1,0,0,2
030115d1120f45a8a4d55217731f1e0b,3,3,0,0,0,1,0,1
030dc0aa6b4e49ccac26f2fbff29a307,1,3,1,0,0,1,0,1
03633f7ab7744a0ab569142d06903908,6,1,0,0,0,0,0,0
05f2a189aad2428a82411232d73b2031,1,3,1,0,0,0,0,0
06d8123c1be54655a8b3b761ebe56db3,0,2,0,0,1,0,0,2
0bcf2d3e1f734d3091fce9e2440a19c8,1,2,1,0,1,0,0,0
19ac07b4d90c41f6b833db41c7d37616,0,2,0,0,1,0,0,2
1c2b523ff2f84da688e046224ce9cffd,0,2,0,0,1,0,0,2
257ec903697c4a4ab69c56e6b744b47a,6,0,0,0,0,0,0,0
26745abfeb1841a489a6140fa7dd65ec,1,2,0,0,0,0,0,0
32e91aca09c64045879c5e4efc2dd147,1,3,0,0,0,0,0,2
3415d347621547e7a6730129c7841784,1,3,0,0,0,1,0,0
3a6a30a99ec146c9a7f8fec4970d8e1d,1,3,0,0,0,1,0,0
3a8f8dd957e8449ebcbc37c9171941c3,1,2,1,0,1,0,0,0
3b675775cd3d45618cac29e61e4211e5,1,2,1,0,1,0,0,0
3ff3afeed7814305af4302df18cbec3c,1,3,1,0,0,0,0,2
40c324e8562b4c75b828a3a6850ca19d,1,2,0,0,1,0,0,0
4323619704764543aeb5238b6bde13c9,6,1,0,0,1,0,0,0
496f3386a2aa4b94bbd4de1a266619c5,0,3,0,0,0,0,0,2
4c6fa0cb6d8b4afeb7c0bb0e950c617c,0,2,0,0,0,0,0,2
4dfb2cee87204e5c80d78a99ef105e04,6,1,0,0,1,0,0,0
4e2af859c77f456e8cf25e92a5c8b8e0,0,3,0,0,0,0,0,2
523aa445024b4768a40145fa79ef9eda,1,2,0,0,0,0,0,0
5f41607a99b842e2ac6d8c044c49d67c,1,2,0,0,0,0,0,0
6253908aa2f649ce9e14ae0ce0b1ace2,0,2,0,0,1,0,0,2
62cbc94c979b4e74a72159b3137b86f3,7,1,1,0,0,0,0,1
6c3c3f9b59344447b5c2198fa5e70ba6,4,2,0,0,0,0,0,1
6d0f71e5b9f44505b90392e332f38b1e,1,3,0,0,0,0,0,1
7d0b744a653744a8828382ffec64741e,6,1,0,0,0,0,0,1
800720ead8bd4b7cb1410ed7f5bce6ae,6,1,0,0,0,0,0,0
80f682006ccc4cb0ab15e3af15651b7f,2,2,1,0,1,0,0,1
82c3e267444a4eff9a3fcb7c6200de09,6,1,0,0,0,0,0,0
836e9f550eba40a086f0f5d17c17a2db,1,3,0,0,0,0,0,2
83baae4b0e8549939465307d694a97b4,4,3,0,0,0,1,0,0
8a501c91fca84aa6bfe489f08fa59576,2,2,0,0,0,0,0,0
8a68a9e7f7d64ec2885e48349628a511,1,2,1,0,1,0,1,0
9918819a6803460d85089a991588a003,6,0,0,0,0,0,0,0
9a69867db4db45c793c17abf70dcb0f1,1,2,1,0,1,0,1,0
a1ddc04faba940d0b86476531a5ed5b6,2,2,0,0,1,0,0,0
a4975125a1334bb7a965e2536a83e2c7,6,1,0,0,0,0,0,0
a598a9b84e3d44df9a8584fc9c4c2a54,1,3,0,0,0,1,0,1
ab9520846508428c98f76469a7c8fa44,6,1,1,0,1,0,0,0
ad58c236b1984b07bf7ef1c3fbeef486,0,3,0,0,0,0,0,2
ae565e5d37b64d9a8a42ed9a75c193a0,1,2,0,0,1,0,0,2
b05c7778d39a4f85a8b95e96eb7548db,0,2,0,0,0,0,0,2
b307785423c74e25b1619cab2c0da4ad,1,2,1,0,1,0,1,0
b6a3a07694a54bb1a403566e43cd12fa,2,2,0,0,1,0,1,0
bb51b913915f4916a82124d8477a9ab7,0,2,0,0,0,1,0,2
be2f59a574bb425397fade26b97a573c,6,1,1,0,1,0,0,0
c38dad334bdf4f5aa4591f6a72489e9f,1,2,0,0,0,0,0,0
c6eed39907a64794ac657f8fc2fb6aaf,1,2,0,0,0,0,0,0
ca8477506e1440bd890bf75adf67ad73,1,2,0,0,0,0,0,0
cecc6ce1b8fd4969bf293dba18440554,1,2,0,0,0,0,1,0
cee11dc56a674a3aab77fe948382f699,6,1,0,0,0,0,0,0
cfd0059a0c7f417da7d58fdc7a27a655,6,1,1,0,0,0,0,0
d5e4f359224b436dbe7f0eb33de8f057,0,2,0,0,1,0,0,2
dd5827f586574565a5c0a538f0037e9e,6,1,0,0,1,0,0,0
e0c914fa26db4ae488a48fa30fbd5a34,7,1,1,0,0,0,0,1
ea1152935b9049e4a0fcc949ebd31fa1,1,2,0,0,0,0,0,0
ec573703c8354491938c577539f29e90,1,3,1,0,0,1,0,1
eec724a6ea3b4759aebbd38596fda785,6,1,0,0,0,0,0,0
f1757147a740478a97ddbcdda69bd768,6,1,0,0,0,0,0,0
f77344d4d8d64ffa88d3cc6816db97e4,6,1,0,0,0,0,0,0
fa5441845d99473a912b4a3a2d7763c7,0,3,1,0,0,0,0,2
fcaa0414047c44f49d6bf173d896faf6,6,0,1,0,0,0,0,0
01b19e5bf40e41e187d6dd70aeb1967d,1,1,0,0,0,0,0,0
07ec9fa4615240a58cb9ce15ac012f20,1,2,1,0,1,0,0,0
0ad880565ae7413da0d0a52fb9963053,6,0,0,0,0,0,0,0
0ee03b19eb714f1790ec3f23450fe503,0,2,0,0,1,0,0,2
10cdffb60f6647e785b7e9ee98f8a7a5,1,3,0,0,1,0,0,0
174c15355aeb44f2844de96d6e1a8090,4,2,0,0,0,1,0,0
1a31acf4a723436aa123e516bab600e6,1,3,0,0,0,0,0,0
1f36208be68b47099d2b94833ce9410b,6,1,0,0,0,0,0,2
2762f66b4921472ba0f334a70ba449af,1,3,1,0,1,0,0,0
2917cb591fc94f4d81ba565201628f75,2,3,1,0,1,0,1,1
33df6fa274774d20873a65c5364c360d,6,1,0,0,0,0,0,2
37e6a8b177444d8294c971fc67f2f1be,7,1,1,0,1,0,0,1
3b5df05b05c54fe1b7d2a818bf274334,1,3,1,0,0,1,0,1
3b79e8bcb5754def80876cc93ef4f00b,1,3,0,0,0,0,0,0
3f3df11ebd43435d96bbb129b4f61511,6,1,1,0,0,0,0,0
453e2c955eb2497fb6f19e51d60618d9,1,3,0,0,0,0,0,1
4734aa35c8bf4896858959518d1a7fdd,1,3,0,0,0,0,0,0
4a6f19fa822e4857951af2fb102b0ae8,4,3,0,0,0,1,0,1
4af5ad1230cb44e4a17055206feae6d1,6,1,0,0,0,0,0,1
4c0091aa406a4260a716e5673efe75da,1,3,0,0,0,1,0,1
4da39dfb725149ef893559de1daf5873,0,2,0,0,1,0,0,2
50cc2d1524a94336b321ce5095a473f5,6,1,0,0,0,0,0,2
51fef926444944ebb4863393639803de,0,2,0,0,1,0,0,2
530362d3f68046ba9177c78753300626,2,2,0,0,1,0,1,0
55694f93f7e249a0b8871ebb63834917,6,1,0,0,0,0,0,0
55a5f4ddffc04e609e44bd8bb4bdd450,6,1,1,0,0,0,0,0
5705ebb94ec24e108178424bfbef8fc8,6,1,0,0,0,0,0,0
5a2fcf9bc421473c8603fcbdd207332f,1,2,0,0,1,0,1,0
5d98c7ef664141fdab4ddb4e1769888e,1,3,0,0,0,0,0,0
5fbb83f7cc854c2c835819b9fed8114d,0,2,0,0,1,0,0,2
6542e8cfd5cb4821b78e5a982b6f3612,0,2,1,0,1,0,0,2
66678c6685f94e39a93907ca88710aee,6,1,0,0,0,0,0,0
68125012632e487890e0ed63e513cbfa,1,2,1,0,1,0,1,2
684dcef7bb404dc28db49092674d10fb,1,3,0,0,0,0,0,2
73b80f01663b448e8c7babc3ed4d96df,4,3,0,0,0,1,0,1
750cdf13d83d442a914a29bdf73e7343,5,2,0,0,1,0,1,2
7560ce263f7042e28bcfb2da893ce671,6,1,1,0,0,0,0,0
7794cfd620de4c10b078164f045f3253,6,1,0,0,0,0,0,0
7a3719668eb74811bc0d901e2c6ce97d,1,3,0,0,0,0,0,2
7d824feb2c32470da68e0af4280e810b,1,2,1,0,1,0,1,2
8195353731c74596b385381fbfc2723d,1,3,0,0,0,0,0,2
847daa6fe1f04a8481376204c3d24531,6,1,0,0,0,0,0,1
8a79f62169ce4132a9a7cf4686a582fc,0,2,0,0,0,0,0,2
8b56e3dc71614728bc23216fae3be0cb,1,2,0,0,0,0,0,0
8d29f6566d8a436995a77b5f3b626af8,2,2,0,0,1,1,0,0
8dcae58416384946901cf7b042853264,1,3,0,0,1,0,0,0
8f3e9914c80e422a9be40a0a62badd37,1,3,1,0,1,0,0,1
91c5e765737a41649b871566d3f72296,7,1,1,0,1,0,0,1
9b3f821fd6a14a21bb2f62bfcbba5b13,4,3,1,0,0,1,0,1
9df8a6e0ccd546eaae9bed25fdcd70db,1,3,0,0,0,0,0,1
a35739fada054eb39db7948279f4612e,1,3,1,0,1,0,1,1
a40dabe6045c411bb7eac2acc4031fa7,0,3,0,0,0,1,0,2
a57cadf9595b43bb9498239809ff37d3,1,3,0,0,0,0,0,0
abb6de88f32a4ef9a5660b3089ed3c07,6,1,0,0,0,0,0,2
ad4ea9afa6984442b16702fe96a7fc23,1,3,0,0,0,0,0,1
ade01a4bfe574b9881dd8bde46ebb2ba,6,1,0,0,0,0,0,1
aee7e171083d4cc38282e3a194917c2f,0,2,0,0,1,0,0,2
b32831558d224c32b0f5d9dfefb4df0b,7,1,0,0,1,0,0,1
b3b0da761927427286ed8459652a2bba,1,3,0,0,0,0,0,1
b5c62caa9f4441038c1d01d54c7c1497,7,1,1,0,0,0,0,1
b8c0568deca64920b3cf9aac3a8efc96,0,0,0,1,0,0,0,2
bad58a67ca62441295cbf4e614e7c697,6,1,0,0,0,0,0,2
bb46ac1f6b1c4b8d8ee250dc56dcb7e6,1,3,0,0,1,0,1,0
c4a5c09cfda54a6b8ab67ef949e42536,1,3,0,0,0,0,0,1
c70f396029de4fc285f06e31b7400a9b,7,1,0,0,0,0,0,1
c806dfee11ed4908956ee3daa6f5d19c,1,3,0,0,0,0,0,2
d1aff09dece14141ac02dd4f91cf6c04,0,2,0,0,1,0,0,2
d2c8b75d149d4e9389844fdd239913d5,1,2,1,0,0,0,0,0
d9edc6d1c2e2466184cd55df092815ce,0,1,0,0,0,0,0,2
ddc7ac11502d4eaa83de1406a6e4893c,7,1,0,0,0,0,0,1
e1225eb3cddf47d7b1d627c3aa0054e0,7,1,0,0,0,0,0,0
e1c216c12ab94ef89204674f571636f4,2,2,0,0,1,0,1,0
e4f44df62e974e8a8c09e2e6f4be0a43,1,3,0,0,0,0,0,0
e5d01162eeb245fc8cc395c465386c87,6,1,0,0,0,0,0,1
eb02715ec08441129c43e2b9e79215e8,1,3,0,0,0,0,0,1
f423841831694d3c9684e88ee8088ec0,1,2,1,0,1,0,0,2
f42d8055e2fc472ca46a146f000aca75,0,2,0,0,1,0,0,2
fdae40c9f46749a48c64aff6f6a59a7b,0,3,0,0,0,0,0,2
fe2ad5d5682740e89b7f9f573036543d,2,2,1,0,0,0,0,0
02d521345fd34ab680b41f91b73508e7,6,1,1,0,0,0,0,1
09f4a421229a427f92c2b280f118970d,6,1,0,0,0,0,0,0
109e9ac546f048769e865de74074b5b7,1,2,1,0,1,0,0,0
14fec41049e04192ad86b27462e9a027,1,2,1,0,1,0,1,0
1625701880c54b7d9f50e77455cef39b,1,2,0,0,0,0,0,2
196187b593a249e09a79f7c33e8f050f,6,1,0,0,0,0,0,2
1ba5b99ff47a4298b71c15c8a0552b96,1,2,0,0,0,0,0,1
1ee9317dc77c4ecc8a75a2d4cd5e88f0,0,2,0,0,1,0,0,2
26eedd39e3d848f2b72463b694927bd8,0,1,0,0,0,0,0,1
26fd921a5d4348f6933aae8062119839,1,3,0,0,0,0,0,1
2a85a788fec34970811dd26048b09ac1,6,1,0,0,0,0,0,0
36a52b9400d840afa2f8214121f25233,1,3,0,0,0,0,0,1
3d211a3b03a949d4b96d599f14f5a4b0,7,1,1,0,0,0,0,0
3d78fabae7a4457a86a768070105103d,0,2,0,0,0,0,0,2
416426c5eb7c4843a98f8e642923a31a,1,2,1,0,1,0,1,2
434c8654f5784119bba5bcc8041ecffc,1,3,0,0,0,0,0,1
448b9035bfb04f04a2a5892b3662cba8,6,0,0,0,0,0,0,0
50859b76590046309ed5a6a0d994c203,1,2,0,0,0,0,0,2
526895d71ca543c3841795bade4dea5f,6,1,0,0,1,0,0,1
534da9c76a8c4cbdaa688d685069f0d4,1,2,1,0,1,0,0,1
553d4d84a86d4e08a06accd12a25aee0,6,1,0,0,0,0,0,0
565eefedb58d4b809e6836917a78889b,0,2,0,0,1,0,0,2
676a20ceefda4b6abba49d9822152880,6,1,0,0,0,0,0,0
6a1af0746ae0408db1d73c995586c62a,4,3,1,0,1,0,0,1
72721200da9f4e7ca02b1891a809cbc0,6,1,0,0,0,0,0,1
7590e515433c43488fe8b699c3f394bd,0,3,0,0,0,0,0,2
78f7b4f1ec6e4347ac94069d4013890e,6,1,0,0,0,0,0,1
8033f3b5583b4e8e9bbea2fc27f04723,7,1,1,0,1,0,0,1
815eb97c1bc7479aaa342ff29853fed1,7,1,0,0,1,0,0,1
8dff2b68600545c189dcca6663fa9734,6,1,0,0,0,1,0,2
9056177010fe4a7692751eed8ae8d43e,6,1,0,0,0,0,0,1
9338c7dbf4054c608c17353358cdb7c6,4,3,0,0,0,1,0,1
a22de7c45a974834b840c65561934681,0,2,1,0,1,0,0,2
a5d46f181bd24e6896fddfd69cec1d4c,6,1,1,0,0,0,0,1
a6d52c51056f4291a9b5037a426395b4,6,1,1,0,0,0,0,2
a73f163da0054d75af39009b8357cc4c,7,1,0,0,0,1,0,1
a7a5e94ac19a4556b5c8289474189d73,7,1,0,0,0,0,0,2
abd2a0c3cc9c4883bdaa724e9c152ce6,4,3,0,0,0,1,0,1
ae8499866e3440d99c28f238ba3ab4db,3,3,0,0,0,1,0,1
b0e1a123e8ac493299d5bf6253c5f6e4,6,1,1,0,0,0,0,1
b19a138b501f4b1a8d937902bb78d829,2,2,0,0,1,0,1,0
b6ce6e7cfff54e09b8620fe4420208d0,1,3,0,0,0,0,0,1
c7bc16708bf94eb98d56fe90ae9ac0e7,1,3,0,0,0,0,0,0
cb8563d437e34966b8b28dfa421f6152,1,2,0,0,1,0,0,2
cd605b1004d142c081e8f80d3132a6e9,2,2,0,0,1,0,1,0
d3da38749e2846f99c0c648632b63307,2,2,0,0,1,0,1,0
d8a732c501ea4eaf8b11f457e9c21eef,1,2,1,0,1,0,1,2
da38ba5d74b34eb093815e693fb74fb3,0,3,0,0,1,0,0,2
dc2b8b135aa74ff8a604246bf9b6e993,0,3,0,0,0,0,0,2
dd12b8bb8655446c8cba3286b3a2e20c,1,3,0,0,0,0,0,0
e253238fd44842af848b38afe8223385,1,2,1,0,0,0,0,0
e311a8e9968341ea86c072702d9e6da1,1,3,0,0,0,0,0,2
e5e0dc9abd0e4a5cb29ef579f833aeff,1,3,0,0,0,0,0,1
f0298760429c4cabb3f7bbedae967aa8,1,3,0,0,0,0,1,0
f0456bc36bdc4bfd8890f0dfdaf86656,0,3,0,0,1,0,0,2
f1c3a3e9fb7b40baaeb35e900c00d40c,6,1,0,0,1,0,0,0
f1ca03eb38ad4c45b95f7766c5d3eaff,7,1,0,0,0,0,0,0
f482a8e74ec04103b331babfc3de15a1,1,3,0,0,0,1,0,2
f950279fea86469f9ea1cdf98e98c98f,0,3,0,0,1,0,0,2
0720be3e0ae84b319e90e6c7986e27dd,1,3,0,0,0,0,0,1
08af79315aa74e7daf42ff489c7d7dbf,2,2,1,0,1,0,0,0
09c3fbf911bc4e8c816f3a4c72299ada,6,1,0,0,0,0,0,0
115ddecdd57e4c8f8062e50e032cef3f,1,3,0,0,0,1,0,0
118d0bcd0b904368a7d5dd075bfb01e1,4,2,0,0,0,1,0,1
11b0455047ee4988b13e53e6d775d32e,1,3,0,0,0,0,0,0
1f5cdbda345744138974d755785c6094,0,3,0,0,0,0,0,2
22acd26bf8924b67a08eaa6992e27c29,1,3,1,0,0,0,0,0
22e38f4858dc431c98e474e7a437d3a9,1,3,1,0,0,0,0,0
2efd162a656648f4b7f295b9bef74835,1,2,1,0,1,0,0,0
3d06df9143fa4f98acade3c0a90df0b3,1,2,0,0,0,0,0,0
42ffc0ac3823445285b65a69b5781300,0,2,0,0,0,0,0,2
44f222d3766e4dd5b00782e6f3267513,6,1,0,0,0,0,0,0
49036595d6f7451e958def631d6fa891,7,2,0,0,0,0,0,0
4954590a8ea7404f9c4a83a446313f07,0,3,0,0,0,0,0,2
51149a8e7ea045fdbe6aeedbf812a9c0,1,3,0,0,0,0,0,1
5ea525739e6747428408582d702f8075,0,3,0,0,1,0,0,2
5ecf9d1175ae405a9a073db305786411,1,3,0,0,0,0,0,0
67b402bad8494f67977ab6218ea080af,7,2,0,0,0,0,0,0
683c14c972a14f5396b7d423a26e8625,1,3,0,0,0,0,0,0
69e493961fb34e28994cd4a532f24923,2,2,0,0,1,0,1,0
6f0258fec96c4244b4437370518521dd,1,2,1,0,1,0,0,0
736ca1c7c71845c0b397069e816b3552,1,2,0,0,1,0,0,0
739415ddd194434f81777eef8b041bc3,1,3,1,0,0,1,0,1
7c25aff56c034799b8f430d024665f85,1,2,0,0,1,0,1,0
7c3f096386104da7bb7e223615764cad,0,3,1,0,1,0,0,2
871b174020f6491690650b228eaa42a9,7,0,1,1,0,0,0,1
8a4615a3f81b4e879dc18ce986228e41,3,3,0,0,0,1,0,1
8a60083bd87b4d248ebb2795e5169d99,6,1,0,0,0,0,0,2
8c2d9dc2ee8149e38e58a89d54a33983,1,3,0,0,0,0,0,1
8c3e2a407325442ab7a4607b01c21153,1,3,0,0,0,0,0,1
8c592fbd7ad141d79475539a65e440e3,1,2,0,0,0,1,0,1
918bad4d31ab45d695c3bf08621f4ccc,0,2,0,0,0,1,0,2
949b3c141b544637972d39ca2553f5b9,1,3,1,0,1,0,0,2
9ca7b079010f45b8924d1e55267f15d0,2,2,0,0,0,0,1,1
a05ceb9d0cf847bda4ef0d69222590a0,1,2,0,0,1,0,0,0
a56645cd106f42548f7332258c6e0cef,6,1,0,0,0,0,0,1
b4923b4dedf54f7ea5ccfc47e4398562,0,2,0,0,0,0,0,2
c8a34eb10a4d465e99f0485db160f062,4,3,0,0,0,1,0,2
cc69f61230bc467bb7e0a117d0bf3a52,7,2,1,0,0,0,0,1
d2c546af84df4afa96f6ae565df76434,1,3,0,0,0,0,0,2
d4cc4fa85a9945598e4c30648dfa0a0c,1,3,0,0,0,0,0,2
d54c760d90a94e239d429ddabcfa0d3b,6,1,0,0,0,0,0,1
d93f1cab57934a5ab13fcc09503b4f19,6,0,0,1,0,0,0,1
e94af9fdfbf74ea6b0737b94d5cf4676,6,1,1,0,0,0,0,1
e983a5d6b80a47c1a610e0e82948de05,1,3,1,0,0,0,0,0
f23c612a59d24a5c967ce62a9d0b1984,1,3,1,0,0,0,0,1
fa00d0b2d0c148dfa963223f40a75460,1,2,0,0,1,0,1,0
ff15dfa4ff3f4cd3a1ae82745dc47fae,1,3,0,0,0,0,0,2
03dd7e1a4219427883b6f715ac39957d,1,3,1,0,1,0,0,0
04a3b71990a24d39a03541126d0d5960,0,2,0,0,1,0,0,2
0eccfba3b261475390d10a8626814999,1,2,0,0,0,0,0,0
14fd9b3cf0fa442590348f08e4ed4f3c,7,1,1,0,0,0,0,1
17948a3d511c454ea2fc098e7aa6d148,7,1,1,0,1,0,0,1
185271bcab61435ab5540d8688610bf1,6,1,0,0,0,0,0,2
1951373e093a429fb925bcc196f7cf5a,0,2,1,0,1,0,0,2
267dd77e8eca4f0aa666977f532d336f,7,1,0,0,0,0,0,1
2a939be799c34191aafad39087d20ebb,2,2,1,0,1,0,1,1
2e1e44f8cea94bc099e6cd8d755032fd,0,2,0,0,0,0,0,2
3204d63b24b34c5bbb58e82f5baa9e52,0,2,0,0,1,0,0,2
3d819c0bfc6a44f1840ef47e65564d43,6,1,0,0,0,0,0,1
3dbe5a7cf4f7412da8cf8bc148260deb,7,1,0,0,1,0,0,1
42134cb83ae4403089c8cbc60d98b9fc,6,1,0,0,0,0,0,2
502a862c96ca434caf2ae96d434618f5,6,0,0,1,1,0,0,0
5864840a16f34cd69b520c8094971611,1,3,0,0,0,0,0,1
5957165237d24675aa27fbc1699b3b82,7,1,0,0,0,0,1,1
5b88fc6b430e45118649e59b0de3f0b8,1,2,1,0,1,0,1,2
640c21b704f34eb5a1672fddd8c20fd1,0,3,0,0,0,0,0,2
6593d3a26d3d4530971c42eb86cb3feb,1,3,0,0,0,1,0,1
6b83fa7778324356a877baa91f3dbe85,2,3,0,0,0,1,0,0
6eff019d8283431c8502ede57fef1260,1,3,1,0,1,0,0,1
7025943f8eed4c31b83f3acdf198cf5e,2,2,1,0,0,0,0,0
7037d54c83f143899b692251e2bda765,6,1,0,0,0,0,0,1
760f6478cd4049a083aafecb6a552adb,0,2,0,0,1,0,0,2
832858d8e16a490ca6074c83812f9f66,7,1,1,0,1,0,0,2
8b278cadc06b42658a4b32b2696cc339,1,3,0,0,1,0,0,0
8bca23d4cc1b412ca282f00270125eda,6,1,0,0,0,0,0,0
90bddb037e374902bfaf94adbd388b63,7,1,1,0,0,0,0,0
940cc38391894ec29a6573625cb5027a,6,1,1,0,1,0,0,1
96eab720bea44861a29401f9393de674,4,3,0,0,0,0,1,2
971df516f48c4fb580fcd31e919997c5,7,0,0,1,0,0,0,1
9d193a36c17547d1a10785a0fc25bda2,4,3,0,0,0,1,0,1
9fe38a32ac7344e29cda5f08d81eeeac,1,2,0,0,1,0,1,1
a786205c306642b9926e3479bf7a08f6,6,0,1,1,0,0,0,0
abd42da2a9874ef4b117040f64ae8970,1,3,0,0,1,0,1,1
ad59618290dd431685099ad242701598,1,3,0,0,0,0,0,1
b14b8ef095e848b2938c391146ec5f98,7,1,1,0,1,0,0,1
b40c40ca56f246bdaede260a46d228c0,1,3,0,0,0,0,0,2
b4ee914b512f43b3b11f6fc92d19f1d1,0,2,0,0,0,0,0,2
b94303a0e7004c20a1a9965fc2d87aa0,1,2,0,0,0,0,0,1
c1885ae4c4b942e1a3390cbe1ca30176,1,3,0,0,0,0,0,1
c4283c17ec7143bea5700264e6feca1b,0,2,1,0,1,0,0,2
caf7ece7d4d7456283a7604330c22aa9,1,2,0,0,0,0,1,2
cbbc7f89606d4b578f9d298a793e316b,1,3,0,0,0,0,0,1
ccc7595979014c1aa8d5d00a2a564e3e,0,2,0,0,0,0,0,2
cd779959ab5843bb8d66757672655547,1,3,0,0,0,0,0,1
d00a7f9fddfd48858166761f1523ee4f,1,3,0,0,0,0,0,2
d0800a9ea4ce48bca8bd1d977989113b,1,3,0,0,0,0,0,1
d35ae7472ee448c4aedefe9f68401d29,1,3,0,0,0,0,0,2
d3f7ca10f5e04dc0af5a373741bfb970,0,2,0,0,1,0,0,1
d7f8752b5ac242e8aab6d09424ab91f6,4,2,1,0,1,0,0,1
dacc7d9549d64f2ba9451fe60da93658,1,2,0,0,0,0,0,1
db2a2e39379e48c98ee8b6c032b6cab6,1,3,0,0,0,0,0,0
de306ade928c44af8387b5d5b04750a7,4,3,0,0,0,1,0,0
e408136e84414784a142e40eb876bbed,1,3,0,0,0,0,0,0
e9441b14a28a47b4981d3cc20ede670d,0,2,0,0,1,0,0,2
e982c275aec141c4b63403e4216b1f92,0,3,0,0,0,0,0,2
eaf1f2b9ce3f4773a35375313da09365,7,1,0,0,0,0,0,1
f146f66f8bc84829895e05de6895f0dc,7,1,0,0,0,0,1,1
f149ee4e483140d782e1a505a9751c97,1,2,0,0,0,0,0,0
f3bc89ac5491467a948599ac8ae57d7a,0,3,0,0,0,0,0,2
f3d466d831e84e1d853d3e3c5abca85d,1,2,0,0,0,0,0,1
f96497a5c4b44c618689a2421e574154,7,1,0,0,0,0,0,0
f9e6896eae49456eaf9cf27a3746bac4,0,2,0,0,1,0,0,2
04e183db01ed41dcb0a2a2f3f2f82a41,6,1,0,0,0,0,0,0
0ba73bddab9d4fd2a35e4d742e47c878,2,2,0,0,1,0,1,1
0c2adc4ca2f24b15b6cb328653709c12,1,2,1,0,0,0,0,1
0c6407d984264bc6a85bb22a25a36505,0,3,0,0,0,0,0,2
15e1a5ff460d4f1ab090409239a47f4d,1,3,0,0,0,0,1,1
17e60082ca2d46079e48735b24552189,7,1,0,0,1,0,0,1
1ca1da9b56c84065ab6636457172b150,1,2,1,0,1,0,1,2
2189104c64c149d6a6db6ebf1a2903c1,7,1,0,0,0,0,0,0
2393e6a0a11340589bd9da0f3613c25d,1,2,1,0,1,0,0,2
2dc6c2b39a7c4b94b14aa927b7164858,1,2,0,0,1,0,0,0
2fe10ddca8bc40c1a23a60fdba4486c1,0,2,0,0,0,0,0,2
31031f8027bb475d9d0fd017f5634af5,0,2,0,0,1,0,0,2
312cc1c334db46d78fb96dbd317a13a2,1,2,1,0,1,0,1,2
322f7a8453ab4d40920f4fce2ec8075f,6,1,0,0,0,0,0,2
33b7ab81fc1d4d6e8310bad1567b96da,1,2,0,0,0,0,0,2
3e7425dfa8304e75bc7c4498cddce04c,7,0,1,1,0,0,0,1
3e7485ca23ad4f1e8ef113420d63c382,1,3,1,0,0,0,0,2
496667e838c2488f9606fe956e778d06,6,1,0,0,0,0,0,0
4ff09cf17b744d25b8398dee12e56d57,0,3,0,0,0,0,0,2
51a3a6e5e3a14218b7c557732c74d248,7,1,1,0,1,0,0,2
5378e168e4e643f2921659783feeb495,1,2,1,0,1,0,1,2
54d861eebf074775945f980a8b129b67,1,3,0,0,0,0,0,0
5a258b9c67644ed9b8586b7c8608aac8,7,1,0,0,1,0,0,1
6877a71da89e43b4939e78a0c41164ad,0,3,0,0,0,0,0,2
6bb94fee81724c8ab4bfbe21d6fd10eb,4,2,0,0,1,0,1,1
6ed8ef23080d4a84b30ca3d1fa61287b,0,2,0,0,0,0,0,2
80934ad3dda443578a007a5b3e8b6653,1,2,0,0,1,0,0,0
85658b8533e54d07bb0df3bd2462c4a4,1,2,1,0,1,0,1,1
86b2c776f50c45e1aaefdbb7e1f84c29,1,2,0,0,1,0,0,1
8b89b36fd7c54132a00cd52a68454352,7,1,0,0,1,0,0,0
8bab87d943124166a1761b8fb33b4d76,3,3,0,0,0,1,0,1
8d61e2a738d84389a3a9499db6d2f91b,6,1,0,0,0,0,0,1
945e5d4830b54d2fb1d0b24022cea8ca,1,3,0,0,0,0,0,1
9ebc89d684424093ac207abdabb94dee,0,1,0,0,1,0,0,2
a080e8e8b0fc4b46a85ae2841033ee36,0,2,0,0,0,0,0,2
a18eeb291b51447eaba7b6c2db634676,1,3,1,0,0,0,0,0
a2643028d9a44b2ab65f918e4dca4241,1,2,0,0,0,0,0,0
a53a3ce037df421fbde7a4dddb3174a1,4,2,0,0,0,0,1,1
a57fc59bc8b049be894f4f9b08676297,0,2,0,0,1,0,0,1
a5ef943d768a4f1398b3692d68b56449,6,1,0,0,0,0,0,1
a77ac1160bdd4141b7db94b24b85965a,1,2,0,0,1,0,1,0
ab9bdbfd48d54d698cef5fa33418b41e,1,2,1,0,1,0,1,2
b1ff6e9eee7b494f846dd10a9ed1bcc4,7,1,0,0,1,0,0,1
b24f1ba0f8954640b56494a02c45dbd5,3,3,0,0,0,1,0,1
b70d1540f43b4b6e962eb68500efd03c,1,2,1,0,1,0,1,0
bb02d61ecd864df4a80fcee975bc8ad2,0,2,0,0,1,0,0,2
bb55c0e9631742fa90b74764f568aadc,1,3,0,0,0,0,0,1
c5238d9ceb464b1484d56d9a1b138587,6,1,0,0,0,0,0,2
c82f48030ef44f019e878831972b1598,0,3,0,0,0,0,0,2
cb42d6fa62d14d86a5a10009322f4deb,7,1,0,0,0,0,0,1
ceace0d4287d458ca90d7ebb1f2d88fa,2,2,0,0,1,0,1,1
d233b9e1d96345a9adcbb235ed1db8bf,1,3,0,0,0,0,0,0
d2b3238ab0594049bd7eef9517a48b66,3,3,1,0,0,1,0,1
d6c1812110e140229e67a3eed586e60a,2,2,0,0,1,0,1,0
dcf1e80e25864365af24493a56d5c442,0,2,0,0,1,0,0,2
e346263c181f4656a5f2684e5d2b2ab5,1,3,0,0,0,0,0,2
e755145d7ef64421906defadb9c06205,0,3,0,0,0,0,0,2
ec984b71d8f54312adc79ee5fe2cde5e,6,1,0,0,1,0,0,1
ee5b10faa7214927bebed8dcae3cdcd0,4,3,0,0,0,1,0,0
f2370371544c4b029123da0b7d7e2457,1,3,0,0,0,0,1,1
f57e854ef1b145f89b68c6f95c0f8491,1,3,0,0,0,0,0,0
f5ee0f896b8e44c8a70f945adfcfaddd,7,1,1,0,0,0,1,2
f7e6fbc0ba954dcaad37a109442c0c74,1,2,0,0,1,0,0,1
f8ad4348bbf14dc4b4abef6aa52c40d5,6,0,0,0,0,0,0,0
fd0bfa5f222f4251ad43270971b311a9,1,3,0,0,0,0,0,0
fd2de4fb9d05419a8e461fd9d7d93c00,1,3,0,0,0,0,0,0
fee281283c5d4664958fcdb6a7bf98b4,1,2,0,0,1,0,0,1
01722d99ddfe48c2be2ac14590546125,6,1,0,0,0,0,0,1
0515667dbb204187ab02fe62317c744f,6,1,0,0,0,0,0,1
0d585fabb8b14c6ebfe10251f11e71f6,0,2,0,0,0,0,0,2
12b549d3ffa24ca1a7266d215ec788cc,1,3,0,0,0,0,0,2
172ecfac21744e7c8c93baeda3ef1516,6,1,0,0,0,1,0,2
1a22824ba5ef411eb1f3c52344df029b,1,2,0,0,1,0,0,1
1f7c0f15e1174435a0dd11572cf05143,0,2,0,0,1,0,0,2
217b74ee9d314237acdce0187a812601,1,2,0,0,1,0,1,1
246e45a65da84bc587013efb7820990e,6,1,0,0,0,0,0,2
2aff120c9b8a4746bfafc8417f94efd8,3,3,0,0,0,1,0,1
2c6af334c8c847e29b991a843948502c,1,2,1,0,1,0,1,2
2ca38d4c44c8416fac153d68fbbbf37e,2,2,0,0,1,0,1,1
2f9230aa81784b72aff40e48f1d4a1f5,7,1,1,0,0,0,0,1
2fc0eceaea704905991243289ff7ddc6,6,1,1,0,0,0,0,1
3055fb10b319452a80b9f2fc8d8e1cb0,7,1,0,0,0,0,0,1
3eec7efb984c4bd28307924efa650ffe,7,1,0,0,1,0,0,1
4196806a79ea49ec839afbb6b60081db,2,2,0,0,0,0,0,2
449d82ffbecc415397d89f30f42f9fd5,7,1,0,0,0,0,0,1
44e1d46c86da4448b9d624ff0d868677,6,0,0,0,0,0,0,0
48f9ae4b81514c07a8ba39ecb1475d94,6,1,1,0,0,0,0,1
4e0eb6690a1c40dcb9aa0113b156110c,7,1,0,0,1,0,0,1
4ec8f9781f71460fa8f86447352cc64c,0,3,0,0,0,0,0,2
5455caafac824269b1ca310db3318945,6,1,0,0,1,0,0,2
549c1a8e175848df82e24a08705ce08d,1,3,0,0,0,0,0,1
566843a677214d3ebec8bc752f4a19b6,1,2,0,0,1,0,1,1
57392c4f107f4950bf9bfd112c63b2df,0,0,1,0,0,0,0,1
5e0690ad71944c27a9d0969119295c1a,6,1,0,0,0,0,0,2
6127474d8a3b49b79816bbb0952404f3,7,2,0,0,0,0,0,2
61a1d263b8254e8ca6b63ebac9c3145e,0,2,0,0,1,0,0,2
6240391fb70c4759bcc8cb5915dfb8d2,1,3,0,0,0,0,0,0
64998ee900d641d2b5096caaa5cdf006,1,3,0,0,0,0,0,0
670dca7bf96f4ce5973596dc6ca8a34a,1,2,1,0,1,0,0,2
6c83174ec049413bbc214cb5e64e674e,1,3,0,0,0,0,0,2
6f1e60d7c8df465cacdcb770806f9444,7,1,0,0,1,0,0,1
7301fa59aff049b6b419c241c1e17c16,1,3,1,0,0,0,0,2
75088b575fad41468970aee24e515921,6,1,0,0,0,0,0,1
76a5e54eaa8748ce929fc975360f3b34,1,2,0,0,1,0,1,0
7dadee868cb5440a909202978960e4f0,1,3,0,0,0,0,0,0
7ed4fd11da524fd0b95f17ed96666d8f,1,2,0,0,1,0,1,1
81ff28af4d404ed09c920baf93c139f4,1,3,0,0,0,0,0,0
81ff47eb236543e08150d36eb1ba53e8,7,1,0,0,1,0,0,1
83bb0c0c32ce4d57b7b416f246a36e4b,7,1,0,0,1,0,0,1
890d915f896d4bc0b4a6da1579e2d557,6,1,0,0,0,0,0,2
8a3765edfaa74f5ba4d188ad05093d4b,6,1,0,0,0,0,0,1
8e07260d15cc4dadb6c1a3da280bad12,1,3,0,0,0,0,0,1
9177a349828444adba78669d5ee61095,0,2,0,0,1,0,0,2
a01d9f81e26749aabd7bdca3726236f5,1,3,0,0,0,0,0,1
a97f9999767944118a81438b64925da4,1,2,0,0,0,0,0,2
aca26e405b1e4459b696071f4bf20867,7,1,0,0,1,0,0,0
ad1735ebde10456fa97399a7526684b9,0,2,0,0,1,0,0,2
ad6e2e23c85648d486379d5d67b6fefc,0,2,0,0,1,0,0,2
ae6e7d1d39954771a005273b75b129da,0,1,0,0,0,0,0,2
b168f9d0d6a540bb98e5aef831a156ee,1,2,0,0,1,0,0,0
b247b511d7824c5eab7353400ae3fffc,1,3,0,0,0,0,0,1
b2aa6c4676ab4808856ef28aa6ed8933,2,2,1,0,1,0,0,0
b31c06896bbf4e6aab55fc4c09e89775,1,3,0,0,0,0,0,0
c3336f3bd6a74d42af1bc0766f25cf04,0,3,0,0,1,0,0,2
c35930aa8378416c897dd0f0715d079b,6,0,0,1,0,0,0,0
c9c8884453024fb18bbe8a05a0f11494,1,2,0,0,1,0,0,2
ca27601df1384a7aa152baacfb072306,1,3,0,0,0,0,0,1
ca29bb7f4cfa413b932acd6b4e29cee4,0,2,0,0,0,0,0,1
cf0c10e1af8043c7b3dc505badd56c2d,2,3,0,0,0,1,0,0
d13af35cd3e140b3b78bbf995d333ec9,0,2,0,0,0,0,0,2
d3deb2fc28344e348765e4c0f5bf2ac0,6,1,0,0,1,0,0,0
da429f63a3594dfc9cf0aff9314b6a9b,0,2,0,0,1,0,0,1
de71d87ca2b54ec2b50e47f58d878096,7,1,1,0,0,0,0,1
e80b9701daad4dc5b45cc88a036d5752,4,2,0,0,0,1,0,2
e8eb2d0ec863473f84109492afcd2d78,1,3,0,0,0,0,0,1
e9bf5452511b42349db4f04e80249d1a,7,1,0,0,0,0,0,2
ea22d06f2bd54529a54da54fa8d1c7ca,1,3,0,0,0,0,0,1
eee8ededde394aa0a06b9945b75f6bac,0,3,0,0,0,0,0,2
f6ab2f2219a44e208aae2fa02b60eedf,6,1,0,0,0,0,0,2
f71587c451154040a262da39944abb6f,1,3,0,0,0,0,0,1
ff36c9f2267d4a8597987927b02f3d07,1,3,0,0,0,0,0,1
0087f568f1d14ea09a0fa9304b3eb20d,7,0,0,0,0,0,0,0
00bcd8254fe74010967cb852dbd0096b,7,2,1,0,0,0,0,1
0288226843ce42f387fdf8fe3cb99a4e,4,2,0,0,0,0,0,1
036037350f4d478d828189b0c50e11b1,2,2,0,0,0,0,0,0
0c78aaf693f44865a06384e0c6a21103,6,1,0,0,0,0,0,1
10a4b79183674b22ae6fa5060ba6717a,6,1,1,0,1,0,0,1
10da6c8883924c73a48dbd23ac579550,6,1,0,0,0,0,0,1
121e172daf3740b487bae20b3892c016,6,1,0,0,0,0,0,0
1e2bd7f7a9c24a6e94460bbffb4d0a86,6,1,0,0,0,0,0,2
1f5dcd65695a48268bd4ba1ebd999935,1,3,0,0,0,0,0,2
244871e6756c48c1a6a835a48aca07e6,1,2,0,0,0,0,0,1
27e541911b994ce0a0b546f0a861145e,1,3,1,0,1,0,1,1
28b1605a1a294e3784ff4397161e19b6,0,2,0,0,1,0,0,2
2c7a1f1675b7478688d68e144adc0e17,1,3,0,0,0,0,0,0
2db1346bbfcd494aaf0a434f73717f16,0,2,0,1,1,0,0,2
37db4c1faa1a4bd18640931f21c49257,1,3,0,0,0,0,0,0
406383915a7743898bae6e1b14c83962,6,1,0,1,0,0,0,2
4673487f24bb4f6089c1a8d44b1a6a71,0,2,0,0,1,0,0,2
590d7e8fce7f440b9bc3f3334e6b21be,7,1,0,0,0,0,0,0
5c567845c0a7413d9385f14ded52f5d8,1,2,1,0,0,0,0,1
5df119d151374214949fbc87b997688d,0,2,0,0,1,0,0,2
60622bbedf834a1490dfc8e066d4b290,3,3,0,0,0,1,0,1
64ad81c983f3464684478d2ea856dc33,6,1,0,0,0,0,0,1
650341867c154d8384719d4ff391f026,0,2,0,0,0,0,0,2
6e69893a8de944278617539977258b45,1,3,0,0,0,0,0,1
700b552e2a1c4080a5582e23ca379cd2,1,2,0,0,0,0,0,0
8e753b1a3f0c40bca87765d2fce02956,1,3,0,0,0,0,0,0
942c41501bc64e4e8b4ead5031407edc,6,1,0,0,0,0,0,1
96d6fa38c9b64e46add20ddd31b0c588,0,2,0,0,1,0,0,2
9e07e760edbc44709fc64a2800df6cd2,7,1,0,0,0,0,0,1
a0aeae0a83204ab8a5b851f597e273cc,2,2,0,0,1,0,1,1
a4253ccecb854339b946bbfad203986e,1,2,0,0,0,0,0,2
a437770c59734794963347cb717bd0fc,7,1,0,0,0,1,0,2
a4c31b7025bb40f48231e6283e4114d0,0,2,0,0,1,0,0,2
a81e15d174cb49fd9eeac2efe20d411f,4,3,1,0,0,1,0,2
a8446d223a394ae8960ddf73275ce0cc,1,3,0,0,0,0,0,1
af2ce601762e420a90108f17b21be29c,1,2,1,0,0,0,0,1
b08c7c107f65484aa0c663fbe53c812f,6,1,1,0,0,0,0,0
b3fba9a60b39462699d474d4decc0bab,1,3,0,0,0,0,0,0
b85c46fddb5e4607a435287ac15139df,0,2,0,0,1,0,0,2
bdaa4edd81194764bffa35c8fdf72e57,1,2,0,0,0,0,0,2
bf1a2af290914a669afcd96dac30eb8e,0,2,0,0,1,0,0,2
c15d1837e58c41cb81c3baf3b7e544ed,6,1,0,0,0,0,0,1
c5698d11bf9c4a5b9d5278a41424e58e,6,1,0,0,0,0,0,2
c61a0dd18b0d47a98a4f4c900e3a952b,6,1,0,0,0,0,0,1
c9cc6ff3a3be4d56be00055a9b6b1881,1,3,0,0,1,0,0,1
cb731842da0a4c488b230d7f8b3556c0,0,2,0,0,0,0,0,2
ccaf2cb055fc4653b2c24cf76690e229,6,1,0,0,0,0,0,1
dd5ead807a5b4630b1feb802f7b0276c,1,2,0,0,0,0,0,0
e243405b173a42049729a51168fc5790,2,2,0,0,1,0,1,0
e4fbfc1835ad42519d30983ae6c0ca6d,6,1,0,0,0,0,0,1
fa172b28ffe34fd3bfd0b4cf770f7c36,6,1,0,0,0,0,0,0
fb3ed435649e4f7bb07e70396816b671,2,2,1,0,1,0,1,2
fd606febdb7146708be220e85d6828ea,1,2,1,0,1,0,1,2
07327c35452242128a452fc1932566a6,2,2,1,0,1,0,0,2
083d6b4d7a0c4d60a1db463c650f8c3f,6,1,1,0,1,0,0,1
1af127a861c24cbf824f97fdcc025c81,0,2,0,0,1,0,0,2
1c0062b553254af3a376a5fdf863e0c0,7,1,1,0,0,0,0,1
1d02d3763cba479daf34afd669a26f68,1,2,0,0,0,0,0,0
1e2dd84fbc3440ae927e94a2ed6be37b,1,3,0,0,0,0,0,0
21c91ef7c2174ff19084b2b20847229d,2,2,1,0,1,0,0,1
21e7cac9a7984f489d2ca51506c06cc2,6,1,0,0,0,1,0,1
26cca19c02f5436d9d5e1411c7a75e12,2,2,0,0,1,0,1,0
291aa253abab4a8a864e28ad4f41bb0b,0,2,1,0,0,0,0,2
2d90f3887954489e87877ff3c0244c84,7,1,1,0,0,0,0,2
3031c8c8ed1b40d0b9bf872fe69537ea,6,1,0,0,1,0,0,2
3432e449f95e4a339c622c9dec945cd3,1,2,0,0,1,0,1,1
34b1b2fce32c4ac98056412e1a27108c,7,1,0,0,1,0,0,0
3bccddcd60344e1baedfbe67c40bc4cd,6,1,0,0,0,0,0,0
3cfdd8d0cfe247048ae189fef8d54ba9,1,3,0,0,0,0,0,2
4868d77dd875435c89cd530b57ebfd1b,7,1,1,0,0,0,0,1
4a8390239a7a4591929c7d966296dd1a,1,3,1,0,0,0,0,1
4ad438002a7649fe99b5b1bc179a9aa8,7,1,0,0,1,0,0,0
59c63729efd644879feb5b564cd1063f,4,3,1,0,1,0,0,1
5abcaca1574248c0860ae1d81b06998d,7,2,0,0,0,0,1,1
5b582dc2bc7448608c3ef49bc24575fd,6,1,0,0,0,0,0,1
5e584784b52c4d068d4601e3e41cbf30,7,1,0,0,1,0,1,0
5f862538527b4278aca129eb0be7d8ed,0,3,0,0,1,0,0,2
60d3e6fd428f4e74add00051a6e661c3,1,2,0,0,1,0,1,0
6b6b7ad253dd4831b070f7a925104597,1,3,0,0,0,0,0,2
6b92f85dde844eeb81365aeee5d1f3bd,7,1,1,0,0,0,0,0
702e018b497645c0abe62c73b1dfd0bb,7,1,0,0,1,0,0,0
7d2018f94aed4130bc24de7170239ecc,1,2,0,0,1,0,1,0
7dd6c93c6b6a40f6954ebc5edea4b6bf,1,3,0,0,0,0,0,0
82c85bd968404837845915a534e6a6b2,7,1,0,1,0,0,0,1
89f606e9bf12478883a5e93b8c7bce6f,1,2,0,0,1,0,1,0
8dcce6d962ce4164811d40d692baa2ed,1,2,1,0,1,0,0,1
8f7ba9ca2811499a92a2c74b59479234,6,1,1,0,0,0,0,1
96c57e4e8eeb4883ae568af801506228,3,2,0,0,0,1,0,0
971d2b92188d4d3b83efd3002fd45f05,6,1,0,0,0,1,0,1
a4fcbaa7605f465faf0d1a6fb917c41f,6,1,0,0,0,1,0,0
a9b0400c267640e490e958874a6d5754,7,1,1,0,0,0,0,1
b0f297d5cb2a4b22a2274b943930f933,1,2,1,0,1,0,1,2
b296e98eba7a447ca90d8721cf0a7f42,7,1,0,0,0,0,0,0
b77cde6e8b944055891632ad06adb382,0,2,0,0,1,0,0,2
bd7c187115b2408ca4e91e3b2ea94e97,1,3,0,0,0,0,0,0
bfd6abe69bde4ee7806ef3fa483b0655,6,1,0,0,0,0,0,2
c3a126c8138448fdb888c5f4f55edf77,6,1,0,0,0,0,0,0
c3b04ee2664b4321a7a1cf2deb4ae27f,1,3,1,0,0,1,0,2
c5427688e87c447b9660609322b7b7e5,7,1,1,0,0,0,0,1
c858be295d0949c18cb3c99f739c3dc3,6,1,1,0,0,0,0,0
c8c914f90d1a4ead8f358357310cd8d1,1,3,1,0,1,0,0,1
d022db46e850458c8e21b4020b3489b4,1,2,0,0,0,1,0,1
d1b6b1bdd1574a01b1968ead7ae96134,4,2,0,0,0,1,0,1
d5e16e43f9f84f34876290b4501dbc55,6,0,0,0,0,0,0,1
d67ba5b3c80044679192e855169cf6cd,1,3,0,0,0,0,0,0
d707b8079b154677a1134c9acaae7575,6,1,1,0,1,0,0,1
d75d920af93449a88a9af5e82e33cd8a,0,3,0,0,0,0,0,2
d796d35aa96d411db94bb6b440f817a0,7,1,0,0,0,0,0,1
e66258b7493c4110be4995d3187266a3,6,1,0,0,0,0,0,2
e6c4b9508dc24e84ab3454e98f783f76,2,2,1,0,1,0,0,0
e87c9ce24c93426393084b81b79bd286,2,2,0,0,1,0,0,0
e8bb24878c544adcb484f431f4c9790e,1,3,0,0,0,0,0,0
f48d27df0b1548c4bd8441e5d2d1b1e2,2,2,0,0,1,0,1,0
fb43884c26d24c6a8287b2d406bb461b,7,1,0,0,0,1,0,0
fe68f40f7f6240b2ad3a554220566634,2,2,0,0,1,0,1,0
03019309154e45f5983529b8a19b4e76,1,3,0,0,0,0,0,2
0574f28c2d764b509f06bc85997d1510,2,3,0,0,1,0,1,0
071b0f173343462f869b408708b55345,7,0,0,1,0,0,1,2
0c1f40bf836f420c8c902c71e909b982,1,2,0,0,0,0,0,2
0c3631c2639342daa646e1018fe46351,6,1,0,0,1,0,0,0
0f7d886738bb4e95b08fb7ecd791f4d3,1,2,0,0,0,0,0,0
11b797a24d094205886a4721a8160b44,0,2,0,0,1,0,0,2
1247adb2721d4147b90a4d42e7e9a5c5,6,1,0,0,0,0,0,2
1f08e29182a2484cb37608b432d3eca9,2,2,0,0,1,0,0,0
20294129f425430b85a0962e17faabcc,0,2,0,0,1,0,0,2
22fa9afe14724d9bbcffcc1160d6c447,6,1,0,0,0,0,0,2
247fe681c58946299b8cd736955a75b4,1,2,0,0,0,0,0,0
262658f0a8a34f2f83f72e1b5e6aed79,1,3,0,0,0,0,0,2
272aa0d0f8b443d6b4f86ad71081d052,1,2,0,0,0,0,0,2
2b196f1445b248729787d1fe03823a71,6,1,0,0,0,0,0,0
2fdcb0e5594b41f28298463b9f1ef93a,6,1,1,0,0,0,0,0
309f46fb345149c1a4505e0129ddd5c6,1,3,0,0,0,0,0,1
34cdca6e0f42460496bc4ed399efad13,0,2,0,0,1,0,0,2
34d9d794016f4708a88793920860cfbf,0,2,0,0,1,0,0,2
37353517f2114326bcb6c5febd549084,1,3,0,0,0,0,1,1
38645356d52b47c8bb409937240b3752,7,1,0,0,1,0,0,0
3a708853f484466e9222441ba3a9e5f0,3,2,0,0,0,1,0,0
